#
# TABLE STRUCTURE FOR: user_information
#

DROP TABLE IF EXISTS `user_information`;

CREATE TABLE `user_information` (
  `username` varchar(45) COLLATE utf8_unicode_ci NOT NULL,
  `salt` varchar(45) COLLATE utf8_unicode_ci DEFAULT NULL,
  `password` varchar(45) COLLATE utf8_unicode_ci DEFAULT NULL,
  PRIMARY KEY (`username`)
) ENGINE=InnoDB DEFAULT CHARSET=utf8 COLLATE=utf8_unicode_ci;

INSERT INTO `user_information` (`username`, `salt`, `password`) VALUES ('akertzmann', 'msvt', '116e73a3e7dec6283d196abab8ff354dea76cdf5');
INSERT INTO `user_information` (`username`, `salt`, `password`) VALUES ('alena56', 'nehk', 'f468146ec811f92a3f44bc8836e1656f93fcecd3');
INSERT INTO `user_information` (`username`, `salt`, `password`) VALUES ('alexandre.reilly', 'nnzk', '56f9d0c97beb834bb6969b3fab4be15f0781c29f');
INSERT INTO `user_information` (`username`, `salt`, `password`) VALUES ('alivia82', 'wudd', 'c49139d296b89dee8679918159f3e2c97d4083d0');
INSERT INTO `user_information` (`username`, `salt`, `password`) VALUES ('annie.hyatt', 'fjvx', '1522c7e2d7462a444f6c279a258c4e7ff47914f1');
INSERT INTO `user_information` (`username`, `salt`, `password`) VALUES ('ao\'conner', 'psyi', 'd9a797bc530f5ffb43374a16b175172ea2fd6feb');
INSERT INTO `user_information` (`username`, `salt`, `password`) VALUES ('arnaldo.block', 'hdfu', '8beb71f7b043c08cb69fe03fc8457c4412bb53db');
INSERT INTO `user_information` (`username`, `salt`, `password`) VALUES ('august.douglas', 'ibtq', '9b58e872985a3ed744161f4660ad11950698e4d9');
INSERT INTO `user_information` (`username`, `salt`, `password`) VALUES ('bartell.buster', 'cgyz', '3d16712db659bf7aad7d9c552ca317c65bd0c142');
INSERT INTO `user_information` (`username`, `salt`, `password`) VALUES ('block.mose', 'gkdt', '067c6290eaef84c670e21014a9362b81c8a660ee');
INSERT INTO `user_information` (`username`, `salt`, `password`) VALUES ('bradley.roberts', 'uqyi', '27b8b0262b3dffbb471f6cfc7588d234a244ca84');
INSERT INTO `user_information` (`username`, `salt`, `password`) VALUES ('brady.jerde', 'fwbc', '59cd861f0badac249ae923ab3875f3a7bf1b068a');
INSERT INTO `user_information` (`username`, `salt`, `password`) VALUES ('connelly.aliyah', 'vlme', '443696896d6a068c06b5b347e84b4695aa8e029b');
INSERT INTO `user_information` (`username`, `salt`, `password`) VALUES ('darrick86', 'jhsz', '38a70dacb24c1b05483ce9af8f3bfb659d053855');
INSERT INTO `user_information` (`username`, `salt`, `password`) VALUES ('daugherty.virginia', 'wdxv', 'c23eb9026379ee7beb37c2660e7b298351ee6f28');
INSERT INTO `user_information` (`username`, `salt`, `password`) VALUES ('davis.scotty', 'deje', '39653ae504b4fbc5a4eda0bfd884d1d1671676fb');
INSERT INTO `user_information` (`username`, `salt`, `password`) VALUES ('dayton89', 'taag', '1c865ddb248233c7c38fc8104cb6302aeb7dda76');
INSERT INTO `user_information` (`username`, `salt`, `password`) VALUES ('dmohr', 'yduv', '72ca0e1eb569e54814cd62156e82c54ee0af2171');
INSERT INTO `user_information` (`username`, `salt`, `password`) VALUES ('doris.oberbrunner', 'kana', '89b3ff2482b8c9091cf906a455897dd81b9cc7ee');
INSERT INTO `user_information` (`username`, `salt`, `password`) VALUES ('ebradtke', 'bakm', '3636497003e57af9f5322d21d2765f10ec263eee');
INSERT INTO `user_information` (`username`, `salt`, `password`) VALUES ('egerhold', 'qxvs', '9133af45d4c3a23e1bd7eeb4115b5a3e5f4f9828');
INSERT INTO `user_information` (`username`, `salt`, `password`) VALUES ('eleanora09', 'pgqo', 'ae2492fa2684c4f509580f727b1151d3fd40543c');
INSERT INTO `user_information` (`username`, `salt`, `password`) VALUES ('eli.beatty', 'pphr', '63a0080227d35570104464d7e1e5fd9f489ea832');
INSERT INTO `user_information` (`username`, `salt`, `password`) VALUES ('elouise.wolff', 'bkcw', '19b6aae06c51ae220e9694b74fc590080f01518c');
INSERT INTO `user_information` (`username`, `salt`, `password`) VALUES ('else.simonis', 'mulu', '3370bb30163859faa2912b71a67e0778860489f2');
INSERT INTO `user_information` (`username`, `salt`, `password`) VALUES ('elton.dare', 'hrci', '9788b0f8aa4f1aa4fe93a1459f26d4b62fea7afa');
INSERT INTO `user_information` (`username`, `salt`, `password`) VALUES ('emoen', 'eykd', '2022442ea0ccf101d8e8837a784f361b6fe8d8ed');
INSERT INTO `user_information` (`username`, `salt`, `password`) VALUES ('enrique13', 'rxbk', '0c516943048c878296bb24711a8e2ed53bb919dd');
INSERT INTO `user_information` (`username`, `salt`, `password`) VALUES ('evangeline.reilly', 'evkc', 'df9a0f57dd448a92715c483a06dc89447e4f035a');
INSERT INTO `user_information` (`username`, `salt`, `password`) VALUES ('farrell.lane', 'piyp', '0e13f585d0a000d7bbd1468b1859cfb95940cc1d');
INSERT INTO `user_information` (`username`, `salt`, `password`) VALUES ('friesen.mercedes', 'qgth', '5147705844e1c89586a45c9e178d9ed5a0349d83');
INSERT INTO `user_information` (`username`, `salt`, `password`) VALUES ('gabriella96', 'iept', '0fc8f3ba29e1c29d3f292282bec3b3fe320380d2');
INSERT INTO `user_information` (`username`, `salt`, `password`) VALUES ('garrick.medhurst', 'ohye', 'f8e70056999352fc79e2365e762db6f14655a655');
INSERT INTO `user_information` (`username`, `salt`, `password`) VALUES ('giles.flatley', 'tmee', '879f2b3af2461816054b33252e6afbc132e48314');
INSERT INTO `user_information` (`username`, `salt`, `password`) VALUES ('gleichner.gordon', 'skcn', 'cfdc5cc33a34a8a63d230a7e0a76690db8625dd5');
INSERT INTO `user_information` (`username`, `salt`, `password`) VALUES ('gokuneva', 'pueo', '4fb19416451a7b9ec4eaacc8fd5fa2608119869e');
INSERT INTO `user_information` (`username`, `salt`, `password`) VALUES ('gottlieb.morris', 'jiur', 'f461fe16ab7440c055c5694af1a9b4cfa8cbc08b');
INSERT INTO `user_information` (`username`, `salt`, `password`) VALUES ('halle.terry', 'ndbo', '0cbc8c935ca9c9d143c2933e334dad253cd4fa46');
INSERT INTO `user_information` (`username`, `salt`, `password`) VALUES ('harris.mikel', 'kcga', '690d6bf171427e13a87e7829c0b3688d96541fe3');
INSERT INTO `user_information` (`username`, `salt`, `password`) VALUES ('harvey.bartell', 'fbdk', '120b20de216be56f96ebb7be092e598242773af7');
INSERT INTO `user_information` (`username`, `salt`, `password`) VALUES ('hbatz', 'selp', '871aad697911ed15a0f2b58aad5c0196b610213d');
INSERT INTO `user_information` (`username`, `salt`, `password`) VALUES ('hickle.julius', 'yphv', '298645ae1091ae19143e6aab53ac2050c73285a9');
INSERT INTO `user_information` (`username`, `salt`, `password`) VALUES ('hstrosin', 'kcbe', '7943e55e425220fc47e9e270183ec504f83d5fbc');
INSERT INTO `user_information` (`username`, `salt`, `password`) VALUES ('hvandervort', 'upbh', '9e266698481cb8b4b414ace758bbc53dc3f2d773');
INSERT INTO `user_information` (`username`, `salt`, `password`) VALUES ('ibrahim61', 'dxri', 'b755705a46f471865cc9d605db02644459461dd3');
INSERT INTO `user_information` (`username`, `salt`, `password`) VALUES ('iconnelly', 'uyzv', 'bf937bd4bdecade2f65dbaa477a164b37238450b');
INSERT INTO `user_information` (`username`, `salt`, `password`) VALUES ('jack76', 'yovx', 'c39651605c4204941ad344ae272755f329672233');
INSERT INTO `user_information` (`username`, `salt`, `password`) VALUES ('jaclyn37', 'eyjo', 'fb872d43c91a6423315d2794218e560a90bdceb3');
INSERT INTO `user_information` (`username`, `salt`, `password`) VALUES ('jakob.purdy', 'utzm', '4f0d0d01dc4aa36ce5def21af2c86ebd6cad5aee');
INSERT INTO `user_information` (`username`, `salt`, `password`) VALUES ('jakob79', 'kuoo', '5546a9efb481d14a4a390b15b48609d6408cb04f');
INSERT INTO `user_information` (`username`, `salt`, `password`) VALUES ('jayne97', 'kgbz', '47c379bf072ffb633280f7ce2bcd2de05f4dac03');
INSERT INTO `user_information` (`username`, `salt`, `password`) VALUES ('jeffery20', 'blqg', '27fbce2ab5066b1b3614349e018cd944e16661a2');
INSERT INTO `user_information` (`username`, `salt`, `password`) VALUES ('jessie.upton', 'srvv', '83a017520fd72c850135c7230d718ed5304b566b');
INSERT INTO `user_information` (`username`, `salt`, `password`) VALUES ('jkohler', 'hkud', 'c55be851e8411b4c482d223bb55f8165fd720728');
INSERT INTO `user_information` (`username`, `salt`, `password`) VALUES ('johnnie17', 'jdkp', 'e2c5214517974f8339e875b14d641505bcb36e53');
INSERT INTO `user_information` (`username`, `salt`, `password`) VALUES ('kane13', 'jdbd', '82e8e0b0c71421d9bb2b221152c98570bbf5e620');
INSERT INTO `user_information` (`username`, `salt`, `password`) VALUES ('kara.hayes', 'grzo', 'f59ddbf756d217006fc94a1047109974c28fdfb1');
INSERT INTO `user_information` (`username`, `salt`, `password`) VALUES ('kendra07', 'eifj', 'a2922024623de60520c02e6f4eb9e6942fd521b8');
INSERT INTO `user_information` (`username`, `salt`, `password`) VALUES ('kstokes', 'sevs', '012e3880a530dc6097b8cc699a522f7175c038dc');
INSERT INTO `user_information` (`username`, `salt`, `password`) VALUES ('kylie79', 'exkh', '33f70fb29ecb5ced775db57d93fa7049448347f3');
INSERT INTO `user_information` (`username`, `salt`, `password`) VALUES ('lawrence.waters', 'uqxr', 'f263d8c6319986260e238006f820f0d6538b1322');
INSERT INTO `user_information` (`username`, `salt`, `password`) VALUES ('ldach', 'ihwt', '22d1f9f09f97658aca274334fb3add553f5147d9');
INSERT INTO `user_information` (`username`, `salt`, `password`) VALUES ('lexi41', 'uuwf', '67d81225968fa76be2a2a4063076c7046d54ddff');
INSERT INTO `user_information` (`username`, `salt`, `password`) VALUES ('lind.bettye', 'tnzm', '5c8afad8e38e02f2ca8cbe77489819981d551ad6');
INSERT INTO `user_information` (`username`, `salt`, `password`) VALUES ('marks.dortha', 'wqfo', '4c8bfc0d7093365f0ab76caf014af3c6e2bfe961');
INSERT INTO `user_information` (`username`, `salt`, `password`) VALUES ('mccullough.soledad', 'xvnr', '14fd3e83c2a81e02b57effef82d101f41cbf8323');
INSERT INTO `user_information` (`username`, `salt`, `password`) VALUES ('mkonopelski', 'onxw', '7c4af939f45e73f4f2cce9d0e29e21fff18a2017');
INSERT INTO `user_information` (`username`, `salt`, `password`) VALUES ('mmills', 'mfkd', '4f3aa11c049637850e17c0d321299b6b8f713731');
INSERT INTO `user_information` (`username`, `salt`, `password`) VALUES ('mollie.bergstrom', 'pnmh', '9b1e7a74426a360b05c0e3d45065af123c3d4758');
INSERT INTO `user_information` (`username`, `salt`, `password`) VALUES ('mosciski.haskell', 'ljvi', '50a904e899e411abed2ec3e881f7ae2fb73ace50');
INSERT INTO `user_information` (`username`, `salt`, `password`) VALUES ('narciso.osinski', 'utdh', '2e6d9b51eb05f6cd4c883c0cd46778ed8903a63c');
INSERT INTO `user_information` (`username`, `salt`, `password`) VALUES ('nicholaus66', 'rrge', '4df37ff6543e7f254db5abbea5cc79e18806b501');
INSERT INTO `user_information` (`username`, `salt`, `password`) VALUES ('noble.bernier', 'nxlx', 'adcd651f7cb09167d4e52e4aef8951db5f9f9d50');
INSERT INTO `user_information` (`username`, `salt`, `password`) VALUES ('ntowne', 'grup', '47a687c8dec8b6c81e62e584521877a3a967cf97');
INSERT INTO `user_information` (`username`, `salt`, `password`) VALUES ('o\'kon.loyce', 'xhzn', '3c9084f452415879041721aac9a8581046366246');
INSERT INTO `user_information` (`username`, `salt`, `password`) VALUES ('patience.von', 'tfaw', 'bd65ac023925908cbade2c265fd15295e85b90d5');
INSERT INTO `user_information` (`username`, `salt`, `password`) VALUES ('pauline45', 'voxd', '4de2ce93044dcdef254bfed39226e0f30f298216');
INSERT INTO `user_information` (`username`, `salt`, `password`) VALUES ('ptremblay', 'oyxn', '8ade36a412bcd0a42d58466f50c389b95e147263');
INSERT INTO `user_information` (`username`, `salt`, `password`) VALUES ('rebert', 'blhg', '9aaf6b099178343c32fa72e7cd59032f3881c59c');
INSERT INTO `user_information` (`username`, `salt`, `password`) VALUES ('renner.annie', 'icnz', 'b70567941b81a227e9583e4bf940ae61782dd127');
INSERT INTO `user_information` (`username`, `salt`, `password`) VALUES ('rice.darrick', 'dmlf', '0bc3195118a1ad625e57b337645cde944091d71b');
INSERT INTO `user_information` (`username`, `salt`, `password`) VALUES ('robel.dee', 'vgcm', '2cb13b87db3758d416bc61b4d2629d193d9d04d5');
INSERT INTO `user_information` (`username`, `salt`, `password`) VALUES ('sallie.king', 'wtgr', 'd1c96dec0ec5f5290561ab76f9fb7b4d1c6b419d');
INSERT INTO `user_information` (`username`, `salt`, `password`) VALUES ('santa.bashirian', 'pphi', '2c161f7d475032147a64491bf459de138a0d143d');
INSERT INTO `user_information` (`username`, `salt`, `password`) VALUES ('schoen.syble', 'jgzj', 'd527cdfa22b16d8b1e403a530d590e32e78a2579');
INSERT INTO `user_information` (`username`, `salt`, `password`) VALUES ('ssenger', 'uvvc', 'f984657e769dbe8d7e984ac2ac29bb0457a8b68f');
INSERT INTO `user_information` (`username`, `salt`, `password`) VALUES ('tfeest', 'vmzi', '446c864fa5cdde380e6bbd6fdec8356f68dfeb96');
INSERT INTO `user_information` (`username`, `salt`, `password`) VALUES ('tianna67', 'brgy', 'b2a80fc74ed11d2158939a0389a272b1dbecedcd');
INSERT INTO `user_information` (`username`, `salt`, `password`) VALUES ('tromp.dane', 'upsq', 'b064c6777c7ac12d113d550c7fd9b69e6da8d60a');
INSERT INTO `user_information` (`username`, `salt`, `password`) VALUES ('ulices04', 'huyk', '94e83bffec5207bdf2393ce88619b8ac75862490');
INSERT INTO `user_information` (`username`, `salt`, `password`) VALUES ('ullrich.erick', 'acpn', '4442ef4758b07f960da429e304f5561a08302ef6');
INSERT INTO `user_information` (`username`, `salt`, `password`) VALUES ('umorissette', 'cute', '0ed2828f57e590c27e1ecd6df5a14ab410fee624');
INSERT INTO `user_information` (`username`, `salt`, `password`) VALUES ('vcorwin', 'amna', 'b391b36570b58fe589b3fac70ed99d7bd48707e3');
INSERT INTO `user_information` (`username`, `salt`, `password`) VALUES ('vo\'conner', 'uepl', '48e555948015151fbe985224546fab9de639878f');
INSERT INTO `user_information` (`username`, `salt`, `password`) VALUES ('vromaguera', 'ojbx', '2d7ac29fcf6b76fd27194cbce0a8aeb345801841');
INSERT INTO `user_information` (`username`, `salt`, `password`) VALUES ('vschinner', 'abhq', '6e6fe9588d63b29dd27a55991546cd1b96f14b8b');
INSERT INTO `user_information` (`username`, `salt`, `password`) VALUES ('yhowell', 'bmzo', '944a2f14688d26d27e69c3f8c22f3fcc096809d5');
INSERT INTO `user_information` (`username`, `salt`, `password`) VALUES ('zemlak.mackenzie', 'ktlx', '00a4d9fe03b4ff3e8bda75972a8696e97dd1bc6a');
INSERT INTO `user_information` (`username`, `salt`, `password`) VALUES ('zoila.lind', 'gdyg', 'c25b771972d155d6767e017e247f3bf6a7e7c40b');
INSERT INTO `user_information` (`username`, `salt`, `password`) VALUES ('zwolf', 'kpub', '00446932c3542bdc220ed39035f4c93a081a8178');


#
# TABLE STRUCTURE FOR: connection_information
#

DROP TABLE IF EXISTS `connection_information`;

CREATE TABLE `connection_information` (
  `username` varchar(45) COLLATE utf8_unicode_ci NOT NULL,
  `garden_id` varchar(45) COLLATE utf8_unicode_ci NOT NULL,
  `host` varchar(45) COLLATE utf8_unicode_ci DEFAULT NULL,
  `port` int(11) DEFAULT NULL,
  PRIMARY KEY (`garden_id`),
  KEY `username` (`username`),
  CONSTRAINT `username` FOREIGN KEY (`username`) REFERENCES `user_information` (`username`) ON DELETE CASCADE ON UPDATE CASCADE
) ENGINE=InnoDB DEFAULT CHARSET=utf8 COLLATE=utf8_unicode_ci;

INSERT INTO `connection_information` (`username`, `garden_id`, `host`, `port`) VALUES ('garrick.medhurst', '0309f020-ebba-3736-84e3-4036c6591032', '157.215.53.98', 36);
INSERT INTO `connection_information` (`username`, `garden_id`, `host`, `port`) VALUES ('vschinner', '03b66ae2-8e6d-37ef-b891-0ab03b6da905', '218.215.175.219', 51);
INSERT INTO `connection_information` (`username`, `garden_id`, `host`, `port`) VALUES ('arnaldo.block', '04eef950-a2df-338b-ba7c-37a46483f459', '195.251.186.153', 74);
INSERT INTO `connection_information` (`username`, `garden_id`, `host`, `port`) VALUES ('hickle.julius', '05e18c4e-a381-38e5-b974-ce6b0f7d9a37', '210.173.101.180', 3);
INSERT INTO `connection_information` (`username`, `garden_id`, `host`, `port`) VALUES ('renner.annie', '0a112d75-e233-30bf-971d-e5342f23da84', '81.115.149.152', 14);
INSERT INTO `connection_information` (`username`, `garden_id`, `host`, `port`) VALUES ('davis.scotty', '119b0356-2d9d-37eb-86ba-de15f467d86d', '12.183.25.97', 24);
INSERT INTO `connection_information` (`username`, `garden_id`, `host`, `port`) VALUES ('august.douglas', '11af3474-2ed0-3d8f-9e2b-41fc1505ffa6', '22.190.3.216', 34);
INSERT INTO `connection_information` (`username`, `garden_id`, `host`, `port`) VALUES ('ao\'conner', '16186e92-9c49-33f4-a96d-e0b33fd7d244', '217.179.30.185', 98);
INSERT INTO `connection_information` (`username`, `garden_id`, `host`, `port`) VALUES ('mccullough.soledad', '1769a7b4-e76a-3cc1-841c-9f27a62b6d4b', '95.37.244.131', 75);
INSERT INTO `connection_information` (`username`, `garden_id`, `host`, `port`) VALUES ('evangeline.reilly', '1cd52bbd-b7de-3f7c-8eb7-ef973c760d3b', '187.89.224.224', 70);
INSERT INTO `connection_information` (`username`, `garden_id`, `host`, `port`) VALUES ('giles.flatley', '25b57aef-8ad7-387b-9768-cc5e6525761e', '167.47.186.177', 99);
INSERT INTO `connection_information` (`username`, `garden_id`, `host`, `port`) VALUES ('lawrence.waters', '28cb9449-d3ef-34f4-82e0-f6b84b82a03f', '86.140.52.208', 70);
INSERT INTO `connection_information` (`username`, `garden_id`, `host`, `port`) VALUES ('vromaguera', '29740082-1bfd-3d68-8636-cc42197d749c', '228.55.32.170', 45);
INSERT INTO `connection_information` (`username`, `garden_id`, `host`, `port`) VALUES ('else.simonis', '2a127aef-076d-31f1-b432-986a42213a03', '16.113.117.145', 19);
INSERT INTO `connection_information` (`username`, `garden_id`, `host`, `port`) VALUES ('dayton89', '33e24ac4-28be-353f-af9f-0354a536df60', '245.171.204.82', 91);
INSERT INTO `connection_information` (`username`, `garden_id`, `host`, `port`) VALUES ('kstokes', '38a432c9-4bb0-3c79-98d2-eebd10c4a947', '161.185.237.161', 27);
INSERT INTO `connection_information` (`username`, `garden_id`, `host`, `port`) VALUES ('eli.beatty', '39945a66-f9cd-32c0-a33e-4899e8dd8b74', '207.227.200.227', 64);
INSERT INTO `connection_information` (`username`, `garden_id`, `host`, `port`) VALUES ('robel.dee', '39d46272-1cb6-3d54-98c6-d2d2baa16599', '214.29.86.210', 92);
INSERT INTO `connection_information` (`username`, `garden_id`, `host`, `port`) VALUES ('jack76', '3a3ec6a0-a3a1-377f-9d14-0285b54200be', '224.252.112.202', 97);
INSERT INTO `connection_information` (`username`, `garden_id`, `host`, `port`) VALUES ('noble.bernier', '451b2b7c-22d1-3b32-8b29-3aebebe83913', '67.72.245.23', 31);
INSERT INTO `connection_information` (`username`, `garden_id`, `host`, `port`) VALUES ('egerhold', '48484f89-22b5-3292-a12f-65905db9d1e4', '137.151.147.208', 93);
INSERT INTO `connection_information` (`username`, `garden_id`, `host`, `port`) VALUES ('jkohler', '4934bcd8-3ceb-3971-9ee1-c3739dc0f18f', '202.61.65.49', 10);
INSERT INTO `connection_information` (`username`, `garden_id`, `host`, `port`) VALUES ('gabriella96', '49715704-8c9a-3566-8d6e-c8913a4b14ff', '236.227.87.91', 53);
INSERT INTO `connection_information` (`username`, `garden_id`, `host`, `port`) VALUES ('kendra07', '4a20627b-892e-3cc3-972d-681d8c9ddb9b', '192.11.238.0', 40);
INSERT INTO `connection_information` (`username`, `garden_id`, `host`, `port`) VALUES ('harvey.bartell', '4fc19f99-2b52-30a5-bb61-3f6c62a3358c', '156.144.246.121', 87);
INSERT INTO `connection_information` (`username`, `garden_id`, `host`, `port`) VALUES ('bradley.roberts', '59118efa-dd80-327e-9ad5-30b0d84a3bc6', '111.106.248.187', 65);
INSERT INTO `connection_information` (`username`, `garden_id`, `host`, `port`) VALUES ('nicholaus66', '59e26ac0-5e02-3d5d-a20a-7b010b3a4a58', '146.62.220.122', 85);
INSERT INTO `connection_information` (`username`, `garden_id`, `host`, `port`) VALUES ('enrique13', '5ac3ff2d-17c1-370c-98a9-c7007a52c574', '133.49.233.137', 18);
INSERT INTO `connection_information` (`username`, `garden_id`, `host`, `port`) VALUES ('ibrahim61', '5e803d3e-b381-3b52-9f94-9c3785f05241', '246.246.12.86', 41);
INSERT INTO `connection_information` (`username`, `garden_id`, `host`, `port`) VALUES ('tfeest', '60a358bf-1e3d-308f-bcbb-a91767aac2ef', '110.248.194.241', 8);
INSERT INTO `connection_information` (`username`, `garden_id`, `host`, `port`) VALUES ('alivia82', '645a3b13-4b8a-3f09-b48b-ed760892bccf', '13.21.205.254', 14);
INSERT INTO `connection_information` (`username`, `garden_id`, `host`, `port`) VALUES ('jaclyn37', '647c02b3-1af6-3b38-8599-a3cd9d55e8c4', '202.211.236.44', 13);
INSERT INTO `connection_information` (`username`, `garden_id`, `host`, `port`) VALUES ('daugherty.virginia', '65110ff8-3a6f-3081-9a27-a6815250f83c', '130.249.233.125', 23);
INSERT INTO `connection_information` (`username`, `garden_id`, `host`, `port`) VALUES ('zemlak.mackenzie', '65879064-10b1-3d53-b9d4-a44c2cb70e00', '141.236.229.238', 25);
INSERT INTO `connection_information` (`username`, `garden_id`, `host`, `port`) VALUES ('hstrosin', '665c4b97-adab-3842-b2e6-6f852d4da634', '5.47.157.180', 47);
INSERT INTO `connection_information` (`username`, `garden_id`, `host`, `port`) VALUES ('lind.bettye', '679b8d95-5cb5-3c54-8c94-0718bb52fa7f', '27.214.101.160', 80);
INSERT INTO `connection_information` (`username`, `garden_id`, `host`, `port`) VALUES ('gokuneva', '67c8715e-5404-3c56-ae85-24f0dc6e7c66', '79.97.18.172', 7);
INSERT INTO `connection_information` (`username`, `garden_id`, `host`, `port`) VALUES ('yhowell', '68151fde-e6ba-3de8-9f33-1f1b2654d7b3', '210.234.202.11', 64);
INSERT INTO `connection_information` (`username`, `garden_id`, `host`, `port`) VALUES ('narciso.osinski', '6d8aad18-5405-3ae1-b602-9cb5e547fd91', '239.209.3.61', 21);
INSERT INTO `connection_information` (`username`, `garden_id`, `host`, `port`) VALUES ('doris.oberbrunner', '6df7888f-9dcf-3500-ad73-05903da4ca6d', '50.20.142.145', 91);
INSERT INTO `connection_information` (`username`, `garden_id`, `host`, `port`) VALUES ('mosciski.haskell', '718f85a8-43fb-3c3f-9636-7583de5bb050', '203.191.58.131', 24);
INSERT INTO `connection_information` (`username`, `garden_id`, `host`, `port`) VALUES ('kylie79', '71d92539-a2b4-3f42-8b2e-1da2a43c57ce', '16.230.209.98', 70);
INSERT INTO `connection_information` (`username`, `garden_id`, `host`, `port`) VALUES ('ldach', '7434d88f-b552-35f3-b4a9-dce1b4bfc997', '103.65.50.111', 86);
INSERT INTO `connection_information` (`username`, `garden_id`, `host`, `port`) VALUES ('vcorwin', '74b47520-706c-3d59-a630-18d940c5de90', '137.247.81.216', 30);
INSERT INTO `connection_information` (`username`, `garden_id`, `host`, `port`) VALUES ('mkonopelski', '74fa8ebe-3783-3896-9187-df2cc2c65429', '186.27.24.235', 73);
INSERT INTO `connection_information` (`username`, `garden_id`, `host`, `port`) VALUES ('marks.dortha', '76dcdf62-444c-3653-8ea7-eee7f4c52fb6', '65.110.147.244', 44);
INSERT INTO `connection_information` (`username`, `garden_id`, `host`, `port`) VALUES ('ullrich.erick', '784be424-b528-3d13-91cf-91fbb49e2a7c', '9.183.114.174', 17);
INSERT INTO `connection_information` (`username`, `garden_id`, `host`, `port`) VALUES ('dmohr', '7850b56d-27a6-3cc4-abf6-8e331639d775', '23.183.136.110', 81);
INSERT INTO `connection_information` (`username`, `garden_id`, `host`, `port`) VALUES ('jeffery20', '7a4ded33-cd16-33cb-96bf-0b747decdbc9', '46.198.105.97', 11);
INSERT INTO `connection_information` (`username`, `garden_id`, `host`, `port`) VALUES ('patience.von', '7cf1ed81-d5a0-3802-9774-64731b441955', '92.31.248.3', 88);
INSERT INTO `connection_information` (`username`, `garden_id`, `host`, `port`) VALUES ('harris.mikel', '82d5510d-810b-31f5-ad47-ff939ea2b594', '182.125.141.123', 79);
INSERT INTO `connection_information` (`username`, `garden_id`, `host`, `port`) VALUES ('jakob.purdy', '83000db8-0f02-3a1a-8f1e-f35ffedd8c26', '168.128.40.253', 87);
INSERT INTO `connection_information` (`username`, `garden_id`, `host`, `port`) VALUES ('zoila.lind', '8428d80c-34b1-32f4-959f-b8785279fd80', '172.226.19.87', 98);
INSERT INTO `connection_information` (`username`, `garden_id`, `host`, `port`) VALUES ('jakob79', '8596e2a9-f798-3afa-9242-4326f1edd34a', '134.43.12.25', 80);
INSERT INTO `connection_information` (`username`, `garden_id`, `host`, `port`) VALUES ('kara.hayes', '87402db6-d2e2-3158-9383-eb27c7f6a73a', '65.169.28.46', 29);
INSERT INTO `connection_information` (`username`, `garden_id`, `host`, `port`) VALUES ('lexi41', '87fd24e7-9590-3575-9293-9c10433daa44', '198.205.144.195', 59);
INSERT INTO `connection_information` (`username`, `garden_id`, `host`, `port`) VALUES ('mmills', '88e400dd-2a19-3c2e-a68d-840694b88104', '105.123.87.186', 76);
INSERT INTO `connection_information` (`username`, `garden_id`, `host`, `port`) VALUES ('gleichner.gordon', '8b94cc3a-c205-34a1-8b74-cefdf2b07964', '45.72.74.253', 24);
INSERT INTO `connection_information` (`username`, `garden_id`, `host`, `port`) VALUES ('ulices04', '8d3d007c-32e4-3db5-9216-392442f1fe52', '40.154.156.58', 90);
INSERT INTO `connection_information` (`username`, `garden_id`, `host`, `port`) VALUES ('hvandervort', '8ebc6b60-c55e-334e-9856-770e49c62cc3', '51.85.67.8', 25);
INSERT INTO `connection_information` (`username`, `garden_id`, `host`, `port`) VALUES ('gottlieb.morris', '8f93bb5c-362b-3d25-8fe0-ebfce8f8bbf9', '4.80.90.9', 72);
INSERT INTO `connection_information` (`username`, `garden_id`, `host`, `port`) VALUES ('umorissette', '905217be-64cf-3685-b1db-0af9794aac13', '14.139.249.187', 43);
INSERT INTO `connection_information` (`username`, `garden_id`, `host`, `port`) VALUES ('vo\'conner', '90b24778-7149-398c-a40b-5a43bfba8eb1', '37.140.185.250', 60);
INSERT INTO `connection_information` (`username`, `garden_id`, `host`, `port`) VALUES ('brady.jerde', '956900b2-20c0-38f5-916b-7344b6c10770', '176.81.67.50', 45);
INSERT INTO `connection_information` (`username`, `garden_id`, `host`, `port`) VALUES ('sallie.king', '986340f0-8b17-324d-9266-4f68ec066fb5', '255.82.138.73', 88);
INSERT INTO `connection_information` (`username`, `garden_id`, `host`, `port`) VALUES ('alexandre.reilly', '9d8e3a25-5392-36b4-8809-26fea44a84c0', '238.69.25.117', 71);
INSERT INTO `connection_information` (`username`, `garden_id`, `host`, `port`) VALUES ('kane13', 'a0db7f13-c2f9-3bf1-9520-e25074ac8f96', '165.47.48.168', 72);
INSERT INTO `connection_information` (`username`, `garden_id`, `host`, `port`) VALUES ('iconnelly', 'a2ae6138-5eed-3595-b0a4-3759389719f3', '159.60.186.120', 52);
INSERT INTO `connection_information` (`username`, `garden_id`, `host`, `port`) VALUES ('friesen.mercedes', 'a311ceb6-6650-3fb7-af0b-940c6455fda1', '34.221.45.151', 99);
INSERT INTO `connection_information` (`username`, `garden_id`, `host`, `port`) VALUES ('halle.terry', 'ab420c4a-36ec-3d00-a3ca-6b1aa011b3e1', '123.165.90.119', 57);
INSERT INTO `connection_information` (`username`, `garden_id`, `host`, `port`) VALUES ('o\'kon.loyce', 'ad7bdfff-f8ac-308d-83ad-bbd37917bebf', '180.182.58.44', 26);
INSERT INTO `connection_information` (`username`, `garden_id`, `host`, `port`) VALUES ('darrick86', 'b5296f51-6ace-33c5-8978-969656ed6727', '122.170.8.189', 95);
INSERT INTO `connection_information` (`username`, `garden_id`, `host`, `port`) VALUES ('akertzmann', 'b73f9820-fc1d-345b-84c9-a9c1862c56d2', '240.55.52.87', 24);
INSERT INTO `connection_information` (`username`, `garden_id`, `host`, `port`) VALUES ('emoen', 'babc1427-c9fa-3fcf-9c15-a5241ff68c6d', '93.204.55.201', 73);
INSERT INTO `connection_information` (`username`, `garden_id`, `host`, `port`) VALUES ('jessie.upton', 'be83784d-7b69-3fe1-b331-e27fed16990f', '33.7.233.198', 6);
INSERT INTO `connection_information` (`username`, `garden_id`, `host`, `port`) VALUES ('ntowne', 'c1943e53-eb0c-338e-9288-114acec9d511', '82.216.188.55', 50);
INSERT INTO `connection_information` (`username`, `garden_id`, `host`, `port`) VALUES ('alena56', 'c3ab7fde-67f6-3854-8539-96ee547beb43', '23.58.168.227', 73);
INSERT INTO `connection_information` (`username`, `garden_id`, `host`, `port`) VALUES ('eleanora09', 'c5341692-5f57-3087-816d-79196b449a2b', '5.182.134.174', 93);
INSERT INTO `connection_information` (`username`, `garden_id`, `host`, `port`) VALUES ('mollie.bergstrom', 'c68aa3ef-d1ce-3e29-a97f-9a541fa0a6a0', '97.193.126.27', 30);
INSERT INTO `connection_information` (`username`, `garden_id`, `host`, `port`) VALUES ('zwolf', 'c87e5de9-48bd-377a-b9f0-2dd9a990f3d8', '73.112.117.25', 61);
INSERT INTO `connection_information` (`username`, `garden_id`, `host`, `port`) VALUES ('santa.bashirian', 'cbdccf53-63ae-3c12-b142-28c1dd9b4c81', '116.170.235.95', 45);
INSERT INTO `connection_information` (`username`, `garden_id`, `host`, `port`) VALUES ('ebradtke', 'cc2a19fb-6dce-3ea5-8c50-271392df2810', '106.29.191.53', 53);
INSERT INTO `connection_information` (`username`, `garden_id`, `host`, `port`) VALUES ('tianna67', 'cda89eb5-e767-36c4-92cc-6e166c4e2b06', '126.22.49.58', 55);
INSERT INTO `connection_information` (`username`, `garden_id`, `host`, `port`) VALUES ('ptremblay', 'd1fd0a80-ca4e-38c0-bc12-9b3666dca8eb', '208.135.27.226', 36);
INSERT INTO `connection_information` (`username`, `garden_id`, `host`, `port`) VALUES ('bartell.buster', 'd3496757-a46d-3651-ac19-8f993496e915', '189.115.51.215', 90);
INSERT INTO `connection_information` (`username`, `garden_id`, `host`, `port`) VALUES ('rice.darrick', 'd43aa080-0249-3c45-913b-404c683b9baa', '85.71.205.226', 46);
INSERT INTO `connection_information` (`username`, `garden_id`, `host`, `port`) VALUES ('connelly.aliyah', 'd5f00c06-9046-35bb-b559-acce0554c86c', '76.224.31.192', 10);
INSERT INTO `connection_information` (`username`, `garden_id`, `host`, `port`) VALUES ('tromp.dane', 'd72ac07f-c2e4-3e4f-924f-1d8a95feaecc', '18.208.232.70', 37);
INSERT INTO `connection_information` (`username`, `garden_id`, `host`, `port`) VALUES ('schoen.syble', 'dc3373fe-aa86-37e6-a2e7-526be969a659', '72.3.133.32', 29);
INSERT INTO `connection_information` (`username`, `garden_id`, `host`, `port`) VALUES ('farrell.lane', 'dd6da7fd-3c37-309d-bd38-6ae90af34e15', '114.54.89.63', 61);
INSERT INTO `connection_information` (`username`, `garden_id`, `host`, `port`) VALUES ('ssenger', 'e7f41b0d-1752-32c1-96b0-0424f5290c26', '29.146.231.54', 71);
INSERT INTO `connection_information` (`username`, `garden_id`, `host`, `port`) VALUES ('hbatz', 'e967d135-94d6-3e55-ae7c-753f45430803', '68.226.76.174', 61);
INSERT INTO `connection_information` (`username`, `garden_id`, `host`, `port`) VALUES ('block.mose', 'ea4380ea-de68-353f-8877-19382db2d484', '22.49.151.156', 10);
INSERT INTO `connection_information` (`username`, `garden_id`, `host`, `port`) VALUES ('johnnie17', 'f43e9576-4a3c-315a-afcd-90d8b16003b1', '193.109.217.203', 62);
INSERT INTO `connection_information` (`username`, `garden_id`, `host`, `port`) VALUES ('annie.hyatt', 'f5ecfed2-10e9-3257-a830-dc0d1514618a', '25.141.38.238', 21);
INSERT INTO `connection_information` (`username`, `garden_id`, `host`, `port`) VALUES ('elouise.wolff', 'f746c83a-58c6-359d-811e-b899a18321fb', '148.49.22.89', 38);
INSERT INTO `connection_information` (`username`, `garden_id`, `host`, `port`) VALUES ('elton.dare', 'f7c43c9b-84f9-3f32-a803-7c784a4f9b43', '235.200.158.180', 27);
INSERT INTO `connection_information` (`username`, `garden_id`, `host`, `port`) VALUES ('pauline45', 'f9a67e59-3fb0-3f00-9507-b87ac557d70b', '76.72.106.248', 62);
INSERT INTO `connection_information` (`username`, `garden_id`, `host`, `port`) VALUES ('rebert', 'fd0031c9-c894-3b8e-8a84-2f04ccca3033', '39.153.65.179', 84);
INSERT INTO `connection_information` (`username`, `garden_id`, `host`, `port`) VALUES ('jayne97', 'fd4a52a0-d435-3210-9da6-28ffb72eae91', '61.136.86.120', 97);


#
# TABLE STRUCTURE FOR: garden_images
#

DROP TABLE IF EXISTS `garden_images`;

CREATE TABLE `garden_images` (
  `garden_id` varchar(45) COLLATE utf8_unicode_ci NOT NULL,
  `timestamp` timestamp NOT NULL DEFAULT current_timestamp() ON UPDATE current_timestamp(),
  `image_path` varchar(45) COLLATE utf8_unicode_ci DEFAULT NULL,
  PRIMARY KEY (`garden_id`,`timestamp`),
  CONSTRAINT `garden_id_images` FOREIGN KEY (`garden_id`) REFERENCES `connection_information` (`garden_id`)
) ENGINE=InnoDB DEFAULT CHARSET=utf8 COLLATE=utf8_unicode_ci;

INSERT INTO `garden_images` (`garden_id`, `timestamp`, `image_path`) VALUES ('0309f020-ebba-3736-84e3-4036c6591032', '2009-06-29 18:15:05', 'tmp//74fed57677691903a93869b4faa6e3d7.jpg');
INSERT INTO `garden_images` (`garden_id`, `timestamp`, `image_path`) VALUES ('03b66ae2-8e6d-37ef-b891-0ab03b6da905', '2002-07-25 11:22:32', 'tmp//253625e21d630371056e437d8652df26.jpg');
INSERT INTO `garden_images` (`garden_id`, `timestamp`, `image_path`) VALUES ('04eef950-a2df-338b-ba7c-37a46483f459', '1971-11-27 19:26:35', 'tmp//b10b05fdfe5383014ce1c54a86de3617.jpg');
INSERT INTO `garden_images` (`garden_id`, `timestamp`, `image_path`) VALUES ('05e18c4e-a381-38e5-b974-ce6b0f7d9a37', '1994-11-17 01:06:49', 'tmp//ce869d6f9475d4974e11c2866b090d24.jpg');
INSERT INTO `garden_images` (`garden_id`, `timestamp`, `image_path`) VALUES ('0a112d75-e233-30bf-971d-e5342f23da84', '1985-08-02 10:12:58', 'tmp//31cebd81099e3abcc495c07299274343.jpg');
INSERT INTO `garden_images` (`garden_id`, `timestamp`, `image_path`) VALUES ('119b0356-2d9d-37eb-86ba-de15f467d86d', '2019-10-08 14:05:09', 'tmp//212f93701513a1eda82e8b9d00e2e089.jpg');
INSERT INTO `garden_images` (`garden_id`, `timestamp`, `image_path`) VALUES ('11af3474-2ed0-3d8f-9e2b-41fc1505ffa6', '2002-09-15 14:26:46', 'tmp//0278541df2c9cc6b7ff4f52623bd6ef9.jpg');
INSERT INTO `garden_images` (`garden_id`, `timestamp`, `image_path`) VALUES ('16186e92-9c49-33f4-a96d-e0b33fd7d244', '1984-04-09 07:10:38', 'tmp//33c7f3df6475d3dfe791e6d404db2e34.jpg');
INSERT INTO `garden_images` (`garden_id`, `timestamp`, `image_path`) VALUES ('1769a7b4-e76a-3cc1-841c-9f27a62b6d4b', '2012-01-30 20:18:23', 'tmp//d995b6131a8ea32814dd48a31ae82acf.jpg');
INSERT INTO `garden_images` (`garden_id`, `timestamp`, `image_path`) VALUES ('1cd52bbd-b7de-3f7c-8eb7-ef973c760d3b', '1970-02-28 16:58:40', 'tmp//402a4a77a2d2f73aaa0ab680fa0c4485.jpg');
INSERT INTO `garden_images` (`garden_id`, `timestamp`, `image_path`) VALUES ('25b57aef-8ad7-387b-9768-cc5e6525761e', '1982-05-31 20:21:18', 'tmp//78fb4f710bcfce6e4e6b8c31546d71ff.jpg');
INSERT INTO `garden_images` (`garden_id`, `timestamp`, `image_path`) VALUES ('28cb9449-d3ef-34f4-82e0-f6b84b82a03f', '1979-09-29 20:48:49', 'tmp//dac5d3c323e65694bda4067ac508381b.jpg');
INSERT INTO `garden_images` (`garden_id`, `timestamp`, `image_path`) VALUES ('29740082-1bfd-3d68-8636-cc42197d749c', '1982-05-17 21:32:59', 'tmp//b9a29640fc05aa8e3e3bca199ca8961b.jpg');
INSERT INTO `garden_images` (`garden_id`, `timestamp`, `image_path`) VALUES ('2a127aef-076d-31f1-b432-986a42213a03', '2013-05-02 22:07:06', 'tmp//55df1609e014c70624e3c598adb70310.jpg');
INSERT INTO `garden_images` (`garden_id`, `timestamp`, `image_path`) VALUES ('33e24ac4-28be-353f-af9f-0354a536df60', '1970-07-12 13:20:58', 'tmp//3c93d639c5763e8f1b45cfabb9c763fa.jpg');
INSERT INTO `garden_images` (`garden_id`, `timestamp`, `image_path`) VALUES ('38a432c9-4bb0-3c79-98d2-eebd10c4a947', '1985-04-12 06:29:52', 'tmp//b32f3a25d791515923bcc266e01c7ce4.jpg');
INSERT INTO `garden_images` (`garden_id`, `timestamp`, `image_path`) VALUES ('39945a66-f9cd-32c0-a33e-4899e8dd8b74', '2000-05-04 02:56:12', 'tmp//23b3d0012f9a8f6a44be7803a57dbbae.jpg');
INSERT INTO `garden_images` (`garden_id`, `timestamp`, `image_path`) VALUES ('39d46272-1cb6-3d54-98c6-d2d2baa16599', '2020-10-30 16:36:10', 'tmp//988be88fedf81ebedb3a65f29d0c5c96.jpg');
INSERT INTO `garden_images` (`garden_id`, `timestamp`, `image_path`) VALUES ('3a3ec6a0-a3a1-377f-9d14-0285b54200be', '2000-10-05 00:08:03', 'tmp//38910f63bd614c366e550c0e87e540dc.jpg');
INSERT INTO `garden_images` (`garden_id`, `timestamp`, `image_path`) VALUES ('451b2b7c-22d1-3b32-8b29-3aebebe83913', '2000-09-03 23:57:56', 'tmp//e2dc89773be4a27b47df338ff569acc2.jpg');
INSERT INTO `garden_images` (`garden_id`, `timestamp`, `image_path`) VALUES ('48484f89-22b5-3292-a12f-65905db9d1e4', '1997-01-19 00:56:22', 'tmp//0ae0998ddc58f56559ebc3beeeff511d.jpg');
INSERT INTO `garden_images` (`garden_id`, `timestamp`, `image_path`) VALUES ('4934bcd8-3ceb-3971-9ee1-c3739dc0f18f', '2009-04-06 02:16:56', 'tmp//7f44c9bbd609166aa31c59bad02f840a.jpg');
INSERT INTO `garden_images` (`garden_id`, `timestamp`, `image_path`) VALUES ('49715704-8c9a-3566-8d6e-c8913a4b14ff', '1972-03-09 05:14:15', 'tmp//9d3df30be6ade735a9ae320cc038b8ca.jpg');
INSERT INTO `garden_images` (`garden_id`, `timestamp`, `image_path`) VALUES ('4a20627b-892e-3cc3-972d-681d8c9ddb9b', '1976-01-21 06:26:15', 'tmp//79f3fa5b3b19c75c35c55ea71658173a.jpg');
INSERT INTO `garden_images` (`garden_id`, `timestamp`, `image_path`) VALUES ('4fc19f99-2b52-30a5-bb61-3f6c62a3358c', '1973-07-13 02:13:42', 'tmp//e86ae5bce224041e6ea7d2c55d6c51e9.jpg');
INSERT INTO `garden_images` (`garden_id`, `timestamp`, `image_path`) VALUES ('59118efa-dd80-327e-9ad5-30b0d84a3bc6', '2003-05-03 20:06:22', 'tmp//2eb1d8e96ff5810ca9f569df936dcced.jpg');
INSERT INTO `garden_images` (`garden_id`, `timestamp`, `image_path`) VALUES ('59e26ac0-5e02-3d5d-a20a-7b010b3a4a58', '2012-08-07 09:41:28', 'tmp//fe3df4260dc5e5c4e6fdfca4c941ce98.jpg');
INSERT INTO `garden_images` (`garden_id`, `timestamp`, `image_path`) VALUES ('5ac3ff2d-17c1-370c-98a9-c7007a52c574', '2009-08-14 19:56:49', 'tmp//3b1e53b9d23a0d68c534b3e6b27a21ef.jpg');
INSERT INTO `garden_images` (`garden_id`, `timestamp`, `image_path`) VALUES ('5e803d3e-b381-3b52-9f94-9c3785f05241', '1987-09-04 07:05:18', 'tmp//de88e9b3cd889ff80903bfe8fd7a7386.jpg');
INSERT INTO `garden_images` (`garden_id`, `timestamp`, `image_path`) VALUES ('60a358bf-1e3d-308f-bcbb-a91767aac2ef', '1970-11-26 23:58:54', 'tmp//659e743e097ff93e9b0edb20caa504e8.jpg');
INSERT INTO `garden_images` (`garden_id`, `timestamp`, `image_path`) VALUES ('645a3b13-4b8a-3f09-b48b-ed760892bccf', '1983-05-28 14:22:56', 'tmp//c228861a23ec1f9dfb63b8cb28764579.jpg');
INSERT INTO `garden_images` (`garden_id`, `timestamp`, `image_path`) VALUES ('647c02b3-1af6-3b38-8599-a3cd9d55e8c4', '2010-11-03 00:39:51', 'tmp//cabe394cadab836bf5159161d12c7fb2.jpg');
INSERT INTO `garden_images` (`garden_id`, `timestamp`, `image_path`) VALUES ('65110ff8-3a6f-3081-9a27-a6815250f83c', '2005-06-01 05:27:18', 'tmp//02c644027fb1b52bc62144196b425012.jpg');
INSERT INTO `garden_images` (`garden_id`, `timestamp`, `image_path`) VALUES ('65879064-10b1-3d53-b9d4-a44c2cb70e00', '1982-12-26 15:06:25', 'tmp//88d4cfa67dae2fb609ad07347148eaff.jpg');
INSERT INTO `garden_images` (`garden_id`, `timestamp`, `image_path`) VALUES ('665c4b97-adab-3842-b2e6-6f852d4da634', '2008-10-23 08:04:43', 'tmp//7e48d0a96cd00590b591a538b4310ba8.jpg');
INSERT INTO `garden_images` (`garden_id`, `timestamp`, `image_path`) VALUES ('679b8d95-5cb5-3c54-8c94-0718bb52fa7f', '2016-11-22 13:50:20', 'tmp//f35f81e509048b90b0bfe046d63e3cee.jpg');
INSERT INTO `garden_images` (`garden_id`, `timestamp`, `image_path`) VALUES ('67c8715e-5404-3c56-ae85-24f0dc6e7c66', '1975-06-04 15:20:03', 'tmp//05918b86317f10b4a5cb695a0016e966.jpg');
INSERT INTO `garden_images` (`garden_id`, `timestamp`, `image_path`) VALUES ('68151fde-e6ba-3de8-9f33-1f1b2654d7b3', '2000-05-15 14:17:05', 'tmp//73e08803a442b46da6953639c657e781.jpg');
INSERT INTO `garden_images` (`garden_id`, `timestamp`, `image_path`) VALUES ('6d8aad18-5405-3ae1-b602-9cb5e547fd91', '2016-05-12 18:32:22', 'tmp//48535156da0ee72c8e5c0c2af65d69a0.jpg');
INSERT INTO `garden_images` (`garden_id`, `timestamp`, `image_path`) VALUES ('6df7888f-9dcf-3500-ad73-05903da4ca6d', '1985-07-06 12:51:04', 'tmp//efcf2eecb349299fdbf2d1d633346ecf.jpg');
INSERT INTO `garden_images` (`garden_id`, `timestamp`, `image_path`) VALUES ('718f85a8-43fb-3c3f-9636-7583de5bb050', '1980-08-20 14:35:49', 'tmp//f85d369079f10884b26e83648a353224.jpg');
INSERT INTO `garden_images` (`garden_id`, `timestamp`, `image_path`) VALUES ('71d92539-a2b4-3f42-8b2e-1da2a43c57ce', '1989-04-09 08:38:25', 'tmp//942dd45fb842ad67223a1e9ca4643096.jpg');
INSERT INTO `garden_images` (`garden_id`, `timestamp`, `image_path`) VALUES ('7434d88f-b552-35f3-b4a9-dce1b4bfc997', '1989-11-30 00:25:48', 'tmp//c6f2a2753bf00f6d1bc454b0c5ca5f6b.jpg');
INSERT INTO `garden_images` (`garden_id`, `timestamp`, `image_path`) VALUES ('74b47520-706c-3d59-a630-18d940c5de90', '1970-04-18 23:29:57', 'tmp//bdf1ef5223b5e50ce6679f7adcd6c1f6.jpg');
INSERT INTO `garden_images` (`garden_id`, `timestamp`, `image_path`) VALUES ('74fa8ebe-3783-3896-9187-df2cc2c65429', '1970-09-02 04:25:07', 'tmp//c0e1c212c159e35f1964c050afe98304.jpg');
INSERT INTO `garden_images` (`garden_id`, `timestamp`, `image_path`) VALUES ('76dcdf62-444c-3653-8ea7-eee7f4c52fb6', '2010-06-14 18:55:04', 'tmp//ce6f97fe3036834197e8edfedf74d436.jpg');
INSERT INTO `garden_images` (`garden_id`, `timestamp`, `image_path`) VALUES ('784be424-b528-3d13-91cf-91fbb49e2a7c', '2012-11-03 09:31:17', 'tmp//5b50c004a58083baba09a34ae18f8317.jpg');
INSERT INTO `garden_images` (`garden_id`, `timestamp`, `image_path`) VALUES ('7850b56d-27a6-3cc4-abf6-8e331639d775', '1985-07-25 16:10:09', 'tmp//e4a9df692709aacb827b8e4b901b33a1.jpg');
INSERT INTO `garden_images` (`garden_id`, `timestamp`, `image_path`) VALUES ('7a4ded33-cd16-33cb-96bf-0b747decdbc9', '1982-11-29 09:47:30', 'tmp//2989bcbf412b6582d039cf1bdc51a603.jpg');
INSERT INTO `garden_images` (`garden_id`, `timestamp`, `image_path`) VALUES ('7cf1ed81-d5a0-3802-9774-64731b441955', '1989-12-11 05:52:07', 'tmp//917141e666fa4d86c20a72f7e2fb4b4a.jpg');
INSERT INTO `garden_images` (`garden_id`, `timestamp`, `image_path`) VALUES ('82d5510d-810b-31f5-ad47-ff939ea2b594', '2009-05-01 19:22:13', 'tmp//461c6c7d9dcd20a53781d5e3b2140998.jpg');
INSERT INTO `garden_images` (`garden_id`, `timestamp`, `image_path`) VALUES ('83000db8-0f02-3a1a-8f1e-f35ffedd8c26', '1994-01-15 06:16:06', 'tmp//fe4660d118022627a9d0477292206791.jpg');
INSERT INTO `garden_images` (`garden_id`, `timestamp`, `image_path`) VALUES ('8428d80c-34b1-32f4-959f-b8785279fd80', '1991-05-19 18:22:46', 'tmp//1da03da7744f94b0810045fa2fc17507.jpg');
INSERT INTO `garden_images` (`garden_id`, `timestamp`, `image_path`) VALUES ('8596e2a9-f798-3afa-9242-4326f1edd34a', '2001-08-29 06:22:02', 'tmp//937b9c7e424ea0030489704cf0053c66.jpg');
INSERT INTO `garden_images` (`garden_id`, `timestamp`, `image_path`) VALUES ('87402db6-d2e2-3158-9383-eb27c7f6a73a', '1998-04-19 08:23:26', 'tmp//cc755b068306c6bf4bac818cb779dc24.jpg');
INSERT INTO `garden_images` (`garden_id`, `timestamp`, `image_path`) VALUES ('87fd24e7-9590-3575-9293-9c10433daa44', '2014-09-27 18:01:52', 'tmp//3bcd8a60001498f4b3f2e3c238aa85c5.jpg');
INSERT INTO `garden_images` (`garden_id`, `timestamp`, `image_path`) VALUES ('88e400dd-2a19-3c2e-a68d-840694b88104', '2019-03-31 07:08:25', 'tmp//dc98780d29a18521948dc7b707e255ae.jpg');
INSERT INTO `garden_images` (`garden_id`, `timestamp`, `image_path`) VALUES ('8b94cc3a-c205-34a1-8b74-cefdf2b07964', '1972-12-19 17:50:55', 'tmp//41e2e429b7a1a8970366b26633705261.jpg');
INSERT INTO `garden_images` (`garden_id`, `timestamp`, `image_path`) VALUES ('8d3d007c-32e4-3db5-9216-392442f1fe52', '1976-06-17 17:34:49', 'tmp//b52d6dba195009e3e63d2e414ab18131.jpg');
INSERT INTO `garden_images` (`garden_id`, `timestamp`, `image_path`) VALUES ('8ebc6b60-c55e-334e-9856-770e49c62cc3', '2013-02-01 18:41:49', 'tmp//9dc3be5d90ec83911e9d2083e373b88c.jpg');
INSERT INTO `garden_images` (`garden_id`, `timestamp`, `image_path`) VALUES ('8f93bb5c-362b-3d25-8fe0-ebfce8f8bbf9', '2005-11-14 16:30:29', 'tmp//2925a9b71bc8f8559cbbbf01b5894f2f.jpg');
INSERT INTO `garden_images` (`garden_id`, `timestamp`, `image_path`) VALUES ('905217be-64cf-3685-b1db-0af9794aac13', '1990-12-18 12:52:23', 'tmp//d7e2ca5cbeae2c04a1d28846702f67c4.jpg');
INSERT INTO `garden_images` (`garden_id`, `timestamp`, `image_path`) VALUES ('90b24778-7149-398c-a40b-5a43bfba8eb1', '2004-11-11 06:55:07', 'tmp//ed2d5deebab7a4e58267b5c475efbf3c.jpg');
INSERT INTO `garden_images` (`garden_id`, `timestamp`, `image_path`) VALUES ('956900b2-20c0-38f5-916b-7344b6c10770', '2017-05-04 04:10:23', 'tmp//7f1f1a6fa152241aa60a2e02165ad044.jpg');
INSERT INTO `garden_images` (`garden_id`, `timestamp`, `image_path`) VALUES ('986340f0-8b17-324d-9266-4f68ec066fb5', '2002-10-27 04:22:19', 'tmp//9585ffee6fbd073de479dd2485ca6419.jpg');
INSERT INTO `garden_images` (`garden_id`, `timestamp`, `image_path`) VALUES ('9d8e3a25-5392-36b4-8809-26fea44a84c0', '1985-08-11 01:50:00', 'tmp//9311fd8b7378afcab6de95d2401582b9.jpg');
INSERT INTO `garden_images` (`garden_id`, `timestamp`, `image_path`) VALUES ('a0db7f13-c2f9-3bf1-9520-e25074ac8f96', '2009-12-31 05:38:56', 'tmp//56a2f7345f54cbfb06931ee714d1431a.jpg');
INSERT INTO `garden_images` (`garden_id`, `timestamp`, `image_path`) VALUES ('a2ae6138-5eed-3595-b0a4-3759389719f3', '1998-04-15 06:51:42', 'tmp//5ae0722e92bf60f61a60d30397f4e6bf.jpg');
INSERT INTO `garden_images` (`garden_id`, `timestamp`, `image_path`) VALUES ('a311ceb6-6650-3fb7-af0b-940c6455fda1', '1988-07-21 15:22:04', 'tmp//f1b608cafeab84b4343a34e4d41da193.jpg');
INSERT INTO `garden_images` (`garden_id`, `timestamp`, `image_path`) VALUES ('ab420c4a-36ec-3d00-a3ca-6b1aa011b3e1', '1976-10-29 17:32:56', 'tmp//a95930589ae51313084223c57b0a6c74.jpg');
INSERT INTO `garden_images` (`garden_id`, `timestamp`, `image_path`) VALUES ('ad7bdfff-f8ac-308d-83ad-bbd37917bebf', '2010-05-15 22:59:36', 'tmp//bdbaa12d3327f8d86cf8f69e6e426c5b.jpg');
INSERT INTO `garden_images` (`garden_id`, `timestamp`, `image_path`) VALUES ('b5296f51-6ace-33c5-8978-969656ed6727', '2019-05-26 09:20:40', 'tmp//36ef30ed280006de7654cfd04ce7b1e7.jpg');
INSERT INTO `garden_images` (`garden_id`, `timestamp`, `image_path`) VALUES ('b73f9820-fc1d-345b-84c9-a9c1862c56d2', '1972-06-04 21:46:40', 'tmp//be7c41e3fd089704d190343a54689ff5.jpg');
INSERT INTO `garden_images` (`garden_id`, `timestamp`, `image_path`) VALUES ('babc1427-c9fa-3fcf-9c15-a5241ff68c6d', '1976-12-03 19:57:04', 'tmp//106ae2a69637bba500525d7cbd60f3d3.jpg');
INSERT INTO `garden_images` (`garden_id`, `timestamp`, `image_path`) VALUES ('be83784d-7b69-3fe1-b331-e27fed16990f', '1977-04-22 00:07:37', 'tmp//7c7a41405dac69be393092827a8e6ef1.jpg');
INSERT INTO `garden_images` (`garden_id`, `timestamp`, `image_path`) VALUES ('c1943e53-eb0c-338e-9288-114acec9d511', '2002-07-11 21:04:38', 'tmp//0a620ee2958d59bb36345128f74a3034.jpg');
INSERT INTO `garden_images` (`garden_id`, `timestamp`, `image_path`) VALUES ('c3ab7fde-67f6-3854-8539-96ee547beb43', '2018-01-06 20:25:33', 'tmp//7d168b1a85b079879718884b41ff15b3.jpg');
INSERT INTO `garden_images` (`garden_id`, `timestamp`, `image_path`) VALUES ('c5341692-5f57-3087-816d-79196b449a2b', '1985-06-09 18:05:45', 'tmp//95e497c32779ea756a5bf6e127b0b208.jpg');
INSERT INTO `garden_images` (`garden_id`, `timestamp`, `image_path`) VALUES ('c68aa3ef-d1ce-3e29-a97f-9a541fa0a6a0', '1979-07-04 15:57:42', 'tmp//d9d5f2af80318ba8e8e984d68f9bc4f0.jpg');
INSERT INTO `garden_images` (`garden_id`, `timestamp`, `image_path`) VALUES ('c87e5de9-48bd-377a-b9f0-2dd9a990f3d8', '1984-02-20 00:42:02', 'tmp//c1ac0b3f695b297b4c2e5fd50165444e.jpg');
INSERT INTO `garden_images` (`garden_id`, `timestamp`, `image_path`) VALUES ('cbdccf53-63ae-3c12-b142-28c1dd9b4c81', '1994-02-11 12:25:12', 'tmp//d99751835a0013b286076940090157be.jpg');
INSERT INTO `garden_images` (`garden_id`, `timestamp`, `image_path`) VALUES ('cc2a19fb-6dce-3ea5-8c50-271392df2810', '1984-01-13 09:46:04', 'tmp//aa7c36c1f899a49352e9beeeb3bddc7c.jpg');
INSERT INTO `garden_images` (`garden_id`, `timestamp`, `image_path`) VALUES ('cda89eb5-e767-36c4-92cc-6e166c4e2b06', '1986-07-02 22:43:35', 'tmp//e92586a6532b836de4ccca107436b4ed.jpg');
INSERT INTO `garden_images` (`garden_id`, `timestamp`, `image_path`) VALUES ('d1fd0a80-ca4e-38c0-bc12-9b3666dca8eb', '1995-04-25 01:57:02', 'tmp//eef8e26c178851dc5e6e8b1c8deef49b.jpg');
INSERT INTO `garden_images` (`garden_id`, `timestamp`, `image_path`) VALUES ('d3496757-a46d-3651-ac19-8f993496e915', '1981-07-25 05:48:57', 'tmp//647e5284a5d47aa5dfbaac329c944a77.jpg');
INSERT INTO `garden_images` (`garden_id`, `timestamp`, `image_path`) VALUES ('d43aa080-0249-3c45-913b-404c683b9baa', '2007-07-26 06:03:29', 'tmp//2ee304c3855ef85df126df12fb95b523.jpg');
INSERT INTO `garden_images` (`garden_id`, `timestamp`, `image_path`) VALUES ('d5f00c06-9046-35bb-b559-acce0554c86c', '1990-10-19 08:33:46', 'tmp//fd80f89ca99a86ba7f1211886d2a00aa.jpg');
INSERT INTO `garden_images` (`garden_id`, `timestamp`, `image_path`) VALUES ('d72ac07f-c2e4-3e4f-924f-1d8a95feaecc', '1976-09-16 07:55:00', 'tmp//a7b8ed834935cb279809ca302615bd3c.jpg');
INSERT INTO `garden_images` (`garden_id`, `timestamp`, `image_path`) VALUES ('dc3373fe-aa86-37e6-a2e7-526be969a659', '2015-02-05 13:05:06', 'tmp//51494d26938c0332166f662832c3debb.jpg');
INSERT INTO `garden_images` (`garden_id`, `timestamp`, `image_path`) VALUES ('dd6da7fd-3c37-309d-bd38-6ae90af34e15', '2016-08-22 03:45:57', 'tmp//388c22db660ea129425e6a26d9e00236.jpg');
INSERT INTO `garden_images` (`garden_id`, `timestamp`, `image_path`) VALUES ('e7f41b0d-1752-32c1-96b0-0424f5290c26', '2012-10-19 04:15:36', 'tmp//773e19ed9209338887b17b9456866220.jpg');
INSERT INTO `garden_images` (`garden_id`, `timestamp`, `image_path`) VALUES ('e967d135-94d6-3e55-ae7c-753f45430803', '2000-09-10 09:28:41', 'tmp//91ab8814f52a9c65cfd6d6a66f449eff.jpg');
INSERT INTO `garden_images` (`garden_id`, `timestamp`, `image_path`) VALUES ('ea4380ea-de68-353f-8877-19382db2d484', '2002-05-07 17:38:11', 'tmp//8086d452ea6038b33c457198ebae5040.jpg');
INSERT INTO `garden_images` (`garden_id`, `timestamp`, `image_path`) VALUES ('f43e9576-4a3c-315a-afcd-90d8b16003b1', '1997-04-07 14:05:25', 'tmp//f909115f4035b48d3825a7f965c476bd.jpg');
INSERT INTO `garden_images` (`garden_id`, `timestamp`, `image_path`) VALUES ('f5ecfed2-10e9-3257-a830-dc0d1514618a', '1996-04-05 18:48:58', 'tmp//3ee5e202ea881662f0fedf865144315d.jpg');
INSERT INTO `garden_images` (`garden_id`, `timestamp`, `image_path`) VALUES ('f746c83a-58c6-359d-811e-b899a18321fb', '1998-11-16 05:15:13', 'tmp//292e70d2ee2484eeab310da414e9b7c9.jpg');
INSERT INTO `garden_images` (`garden_id`, `timestamp`, `image_path`) VALUES ('f7c43c9b-84f9-3f32-a803-7c784a4f9b43', '1994-03-29 01:07:44', 'tmp//2470a07544d7bbb8df14ebc4c799acb2.jpg');
INSERT INTO `garden_images` (`garden_id`, `timestamp`, `image_path`) VALUES ('f9a67e59-3fb0-3f00-9507-b87ac557d70b', '1999-03-02 18:59:59', 'tmp//3c0c79e30e11633e69979f8815ac4e38.jpg');
INSERT INTO `garden_images` (`garden_id`, `timestamp`, `image_path`) VALUES ('fd0031c9-c894-3b8e-8a84-2f04ccca3033', '1996-10-28 15:01:42', 'tmp//333b83d7e3077370ad74dd47de59930c.jpg');
INSERT INTO `garden_images` (`garden_id`, `timestamp`, `image_path`) VALUES ('fd4a52a0-d435-3210-9da6-28ffb72eae91', '1984-09-21 14:49:44', 'tmp//56d797ad72722896d14ae421b9c9a990.jpg');


#
# TABLE STRUCTURE FOR: notification_information
#

DROP TABLE IF EXISTS `notification_information`;

CREATE TABLE `notification_information` (
  `garden_id` varchar(45) COLLATE utf8_unicode_ci NOT NULL,
  `timestamp` varchar(45) COLLATE utf8_unicode_ci NOT NULL,
  `notification_type` varchar(45) COLLATE utf8_unicode_ci DEFAULT NULL,
  PRIMARY KEY (`garden_id`,`timestamp`),
  CONSTRAINT `garden_id_notification_info` FOREIGN KEY (`garden_id`) REFERENCES `connection_information` (`garden_id`) ON DELETE CASCADE ON UPDATE CASCADE
) ENGINE=InnoDB DEFAULT CHARSET=utf8 COLLATE=utf8_unicode_ci;

INSERT INTO `notification_information` (`garden_id`, `timestamp`, `notification_type`) VALUES ('0309f020-ebba-3736-84e3-4036c6591032', '2003-03-16T21:04:09+0000', 'animal');
INSERT INTO `notification_information` (`garden_id`, `timestamp`, `notification_type`) VALUES ('03b66ae2-8e6d-37ef-b891-0ab03b6da905', '2006-03-28T17:14:15+0000', 'animal');
INSERT INTO `notification_information` (`garden_id`, `timestamp`, `notification_type`) VALUES ('04eef950-a2df-338b-ba7c-37a46483f459', '2010-02-16T00:04:50+0000', 'animal');
INSERT INTO `notification_information` (`garden_id`, `timestamp`, `notification_type`) VALUES ('05e18c4e-a381-38e5-b974-ce6b0f7d9a37', '1974-08-31T18:29:06+0000', 'water_leak');
INSERT INTO `notification_information` (`garden_id`, `timestamp`, `notification_type`) VALUES ('0a112d75-e233-30bf-971d-e5342f23da84', '2017-10-29T17:29:36+0000', 'water_leak');
INSERT INTO `notification_information` (`garden_id`, `timestamp`, `notification_type`) VALUES ('119b0356-2d9d-37eb-86ba-de15f467d86d', '2002-02-03T11:46:05+0000', 'animal');
INSERT INTO `notification_information` (`garden_id`, `timestamp`, `notification_type`) VALUES ('11af3474-2ed0-3d8f-9e2b-41fc1505ffa6', '2021-03-26T23:11:11+0000', 'water_leak');
INSERT INTO `notification_information` (`garden_id`, `timestamp`, `notification_type`) VALUES ('16186e92-9c49-33f4-a96d-e0b33fd7d244', '1984-04-24T04:21:16+0000', 'animal');
INSERT INTO `notification_information` (`garden_id`, `timestamp`, `notification_type`) VALUES ('1769a7b4-e76a-3cc1-841c-9f27a62b6d4b', '2000-02-19T04:25:50+0000', 'animal');
INSERT INTO `notification_information` (`garden_id`, `timestamp`, `notification_type`) VALUES ('1cd52bbd-b7de-3f7c-8eb7-ef973c760d3b', '1979-05-26T01:25:25+0000', 'water_leak');
INSERT INTO `notification_information` (`garden_id`, `timestamp`, `notification_type`) VALUES ('25b57aef-8ad7-387b-9768-cc5e6525761e', '1994-06-02T02:45:43+0000', 'water_leak');
INSERT INTO `notification_information` (`garden_id`, `timestamp`, `notification_type`) VALUES ('28cb9449-d3ef-34f4-82e0-f6b84b82a03f', '1976-11-16T21:49:39+0000', 'water_leak');
INSERT INTO `notification_information` (`garden_id`, `timestamp`, `notification_type`) VALUES ('29740082-1bfd-3d68-8636-cc42197d749c', '2016-01-08T14:58:54+0000', 'animal');
INSERT INTO `notification_information` (`garden_id`, `timestamp`, `notification_type`) VALUES ('2a127aef-076d-31f1-b432-986a42213a03', '1981-04-18T14:49:30+0000', 'water_leak');
INSERT INTO `notification_information` (`garden_id`, `timestamp`, `notification_type`) VALUES ('33e24ac4-28be-353f-af9f-0354a536df60', '1987-12-23T00:52:42+0000', 'water_leak');
INSERT INTO `notification_information` (`garden_id`, `timestamp`, `notification_type`) VALUES ('38a432c9-4bb0-3c79-98d2-eebd10c4a947', '2021-09-07T15:31:04+0000', 'water_leak');
INSERT INTO `notification_information` (`garden_id`, `timestamp`, `notification_type`) VALUES ('39945a66-f9cd-32c0-a33e-4899e8dd8b74', '1972-10-29T06:03:29+0000', 'animal');
INSERT INTO `notification_information` (`garden_id`, `timestamp`, `notification_type`) VALUES ('39d46272-1cb6-3d54-98c6-d2d2baa16599', '1970-05-13T00:52:19+0000', 'animal');
INSERT INTO `notification_information` (`garden_id`, `timestamp`, `notification_type`) VALUES ('3a3ec6a0-a3a1-377f-9d14-0285b54200be', '1998-08-17T08:48:11+0000', 'water_leak');
INSERT INTO `notification_information` (`garden_id`, `timestamp`, `notification_type`) VALUES ('451b2b7c-22d1-3b32-8b29-3aebebe83913', '1985-08-01T03:52:02+0000', 'animal');
INSERT INTO `notification_information` (`garden_id`, `timestamp`, `notification_type`) VALUES ('48484f89-22b5-3292-a12f-65905db9d1e4', '2007-06-05T22:02:27+0000', 'animal');
INSERT INTO `notification_information` (`garden_id`, `timestamp`, `notification_type`) VALUES ('4934bcd8-3ceb-3971-9ee1-c3739dc0f18f', '1999-05-06T13:28:37+0000', 'animal');
INSERT INTO `notification_information` (`garden_id`, `timestamp`, `notification_type`) VALUES ('49715704-8c9a-3566-8d6e-c8913a4b14ff', '1984-03-18T03:00:14+0000', 'animal');
INSERT INTO `notification_information` (`garden_id`, `timestamp`, `notification_type`) VALUES ('4a20627b-892e-3cc3-972d-681d8c9ddb9b', '1982-04-28T07:05:33+0000', 'animal');
INSERT INTO `notification_information` (`garden_id`, `timestamp`, `notification_type`) VALUES ('4fc19f99-2b52-30a5-bb61-3f6c62a3358c', '1971-08-30T22:28:16+0000', 'water_leak');
INSERT INTO `notification_information` (`garden_id`, `timestamp`, `notification_type`) VALUES ('59118efa-dd80-327e-9ad5-30b0d84a3bc6', '1974-03-16T22:13:06+0000', 'water_leak');
INSERT INTO `notification_information` (`garden_id`, `timestamp`, `notification_type`) VALUES ('59e26ac0-5e02-3d5d-a20a-7b010b3a4a58', '2003-11-02T01:08:10+0000', 'water_leak');
INSERT INTO `notification_information` (`garden_id`, `timestamp`, `notification_type`) VALUES ('5ac3ff2d-17c1-370c-98a9-c7007a52c574', '1983-02-27T11:48:20+0000', 'water_leak');
INSERT INTO `notification_information` (`garden_id`, `timestamp`, `notification_type`) VALUES ('5e803d3e-b381-3b52-9f94-9c3785f05241', '1981-11-19T13:24:33+0000', 'animal');
INSERT INTO `notification_information` (`garden_id`, `timestamp`, `notification_type`) VALUES ('60a358bf-1e3d-308f-bcbb-a91767aac2ef', '1989-12-20T13:01:56+0000', 'animal');
INSERT INTO `notification_information` (`garden_id`, `timestamp`, `notification_type`) VALUES ('645a3b13-4b8a-3f09-b48b-ed760892bccf', '2016-08-16T06:33:05+0000', 'animal');
INSERT INTO `notification_information` (`garden_id`, `timestamp`, `notification_type`) VALUES ('647c02b3-1af6-3b38-8599-a3cd9d55e8c4', '1984-08-21T03:41:55+0000', 'animal');
INSERT INTO `notification_information` (`garden_id`, `timestamp`, `notification_type`) VALUES ('65110ff8-3a6f-3081-9a27-a6815250f83c', '1991-09-05T01:25:35+0000', 'water_leak');
INSERT INTO `notification_information` (`garden_id`, `timestamp`, `notification_type`) VALUES ('65879064-10b1-3d53-b9d4-a44c2cb70e00', '1980-08-23T22:10:05+0000', 'animal');
INSERT INTO `notification_information` (`garden_id`, `timestamp`, `notification_type`) VALUES ('665c4b97-adab-3842-b2e6-6f852d4da634', '1970-03-12T22:43:54+0000', 'animal');
INSERT INTO `notification_information` (`garden_id`, `timestamp`, `notification_type`) VALUES ('679b8d95-5cb5-3c54-8c94-0718bb52fa7f', '2003-12-29T13:07:22+0000', 'animal');
INSERT INTO `notification_information` (`garden_id`, `timestamp`, `notification_type`) VALUES ('67c8715e-5404-3c56-ae85-24f0dc6e7c66', '2002-06-11T15:26:18+0000', 'animal');
INSERT INTO `notification_information` (`garden_id`, `timestamp`, `notification_type`) VALUES ('68151fde-e6ba-3de8-9f33-1f1b2654d7b3', '1998-07-19T22:38:06+0000', 'animal');
INSERT INTO `notification_information` (`garden_id`, `timestamp`, `notification_type`) VALUES ('6d8aad18-5405-3ae1-b602-9cb5e547fd91', '1985-03-10T09:19:03+0000', 'animal');
INSERT INTO `notification_information` (`garden_id`, `timestamp`, `notification_type`) VALUES ('6df7888f-9dcf-3500-ad73-05903da4ca6d', '1975-09-16T07:51:48+0000', 'water_leak');
INSERT INTO `notification_information` (`garden_id`, `timestamp`, `notification_type`) VALUES ('718f85a8-43fb-3c3f-9636-7583de5bb050', '1971-01-26T14:36:43+0000', 'water_leak');
INSERT INTO `notification_information` (`garden_id`, `timestamp`, `notification_type`) VALUES ('71d92539-a2b4-3f42-8b2e-1da2a43c57ce', '2013-12-04T06:49:03+0000', 'animal');
INSERT INTO `notification_information` (`garden_id`, `timestamp`, `notification_type`) VALUES ('7434d88f-b552-35f3-b4a9-dce1b4bfc997', '1974-09-02T02:41:21+0000', 'animal');
INSERT INTO `notification_information` (`garden_id`, `timestamp`, `notification_type`) VALUES ('74b47520-706c-3d59-a630-18d940c5de90', '2013-02-13T13:33:43+0000', 'water_leak');
INSERT INTO `notification_information` (`garden_id`, `timestamp`, `notification_type`) VALUES ('74fa8ebe-3783-3896-9187-df2cc2c65429', '1997-10-19T11:58:12+0000', 'animal');
INSERT INTO `notification_information` (`garden_id`, `timestamp`, `notification_type`) VALUES ('76dcdf62-444c-3653-8ea7-eee7f4c52fb6', '1986-08-23T17:16:59+0000', 'water_leak');
INSERT INTO `notification_information` (`garden_id`, `timestamp`, `notification_type`) VALUES ('784be424-b528-3d13-91cf-91fbb49e2a7c', '2015-03-28T23:33:27+0000', 'animal');
INSERT INTO `notification_information` (`garden_id`, `timestamp`, `notification_type`) VALUES ('7850b56d-27a6-3cc4-abf6-8e331639d775', '2021-09-13T03:03:34+0000', 'water_leak');
INSERT INTO `notification_information` (`garden_id`, `timestamp`, `notification_type`) VALUES ('7a4ded33-cd16-33cb-96bf-0b747decdbc9', '1996-09-01T09:29:26+0000', 'water_leak');
INSERT INTO `notification_information` (`garden_id`, `timestamp`, `notification_type`) VALUES ('7cf1ed81-d5a0-3802-9774-64731b441955', '2009-01-24T02:35:28+0000', 'water_leak');
INSERT INTO `notification_information` (`garden_id`, `timestamp`, `notification_type`) VALUES ('82d5510d-810b-31f5-ad47-ff939ea2b594', '1998-12-06T18:53:05+0000', 'water_leak');
INSERT INTO `notification_information` (`garden_id`, `timestamp`, `notification_type`) VALUES ('83000db8-0f02-3a1a-8f1e-f35ffedd8c26', '1994-06-19T14:12:41+0000', 'animal');
INSERT INTO `notification_information` (`garden_id`, `timestamp`, `notification_type`) VALUES ('8428d80c-34b1-32f4-959f-b8785279fd80', '1991-09-19T03:21:53+0000', 'animal');
INSERT INTO `notification_information` (`garden_id`, `timestamp`, `notification_type`) VALUES ('8596e2a9-f798-3afa-9242-4326f1edd34a', '1994-09-10T13:05:16+0000', 'animal');
INSERT INTO `notification_information` (`garden_id`, `timestamp`, `notification_type`) VALUES ('87402db6-d2e2-3158-9383-eb27c7f6a73a', '1981-09-23T03:36:16+0000', 'animal');
INSERT INTO `notification_information` (`garden_id`, `timestamp`, `notification_type`) VALUES ('87fd24e7-9590-3575-9293-9c10433daa44', '1996-07-24T10:31:17+0000', 'animal');
INSERT INTO `notification_information` (`garden_id`, `timestamp`, `notification_type`) VALUES ('88e400dd-2a19-3c2e-a68d-840694b88104', '1976-07-18T03:45:44+0000', 'water_leak');
INSERT INTO `notification_information` (`garden_id`, `timestamp`, `notification_type`) VALUES ('8b94cc3a-c205-34a1-8b74-cefdf2b07964', '1998-02-18T09:27:44+0000', 'animal');
INSERT INTO `notification_information` (`garden_id`, `timestamp`, `notification_type`) VALUES ('8d3d007c-32e4-3db5-9216-392442f1fe52', '2021-08-25T12:40:08+0000', 'water_leak');
INSERT INTO `notification_information` (`garden_id`, `timestamp`, `notification_type`) VALUES ('8ebc6b60-c55e-334e-9856-770e49c62cc3', '2019-04-21T02:30:41+0000', 'water_leak');
INSERT INTO `notification_information` (`garden_id`, `timestamp`, `notification_type`) VALUES ('8f93bb5c-362b-3d25-8fe0-ebfce8f8bbf9', '2012-02-11T14:03:29+0000', 'animal');
INSERT INTO `notification_information` (`garden_id`, `timestamp`, `notification_type`) VALUES ('905217be-64cf-3685-b1db-0af9794aac13', '2012-03-01T11:40:50+0000', 'water_leak');
INSERT INTO `notification_information` (`garden_id`, `timestamp`, `notification_type`) VALUES ('90b24778-7149-398c-a40b-5a43bfba8eb1', '2006-10-10T07:19:46+0000', 'water_leak');
INSERT INTO `notification_information` (`garden_id`, `timestamp`, `notification_type`) VALUES ('956900b2-20c0-38f5-916b-7344b6c10770', '1987-10-01T13:50:17+0000', 'water_leak');
INSERT INTO `notification_information` (`garden_id`, `timestamp`, `notification_type`) VALUES ('986340f0-8b17-324d-9266-4f68ec066fb5', '1991-09-05T22:30:19+0000', 'animal');
INSERT INTO `notification_information` (`garden_id`, `timestamp`, `notification_type`) VALUES ('9d8e3a25-5392-36b4-8809-26fea44a84c0', '1992-11-11T00:58:11+0000', 'animal');
INSERT INTO `notification_information` (`garden_id`, `timestamp`, `notification_type`) VALUES ('a0db7f13-c2f9-3bf1-9520-e25074ac8f96', '2003-11-22T14:38:43+0000', 'animal');
INSERT INTO `notification_information` (`garden_id`, `timestamp`, `notification_type`) VALUES ('a2ae6138-5eed-3595-b0a4-3759389719f3', '1977-10-31T21:28:07+0000', 'water_leak');
INSERT INTO `notification_information` (`garden_id`, `timestamp`, `notification_type`) VALUES ('a311ceb6-6650-3fb7-af0b-940c6455fda1', '2011-11-20T06:03:48+0000', 'water_leak');
INSERT INTO `notification_information` (`garden_id`, `timestamp`, `notification_type`) VALUES ('ab420c4a-36ec-3d00-a3ca-6b1aa011b3e1', '1978-11-22T10:43:33+0000', 'water_leak');
INSERT INTO `notification_information` (`garden_id`, `timestamp`, `notification_type`) VALUES ('ad7bdfff-f8ac-308d-83ad-bbd37917bebf', '1999-11-15T12:28:44+0000', 'animal');
INSERT INTO `notification_information` (`garden_id`, `timestamp`, `notification_type`) VALUES ('b5296f51-6ace-33c5-8978-969656ed6727', '1984-04-20T20:52:52+0000', 'water_leak');
INSERT INTO `notification_information` (`garden_id`, `timestamp`, `notification_type`) VALUES ('b73f9820-fc1d-345b-84c9-a9c1862c56d2', '1987-02-19T23:22:47+0000', 'water_leak');
INSERT INTO `notification_information` (`garden_id`, `timestamp`, `notification_type`) VALUES ('babc1427-c9fa-3fcf-9c15-a5241ff68c6d', '1999-08-11T19:40:40+0000', 'animal');
INSERT INTO `notification_information` (`garden_id`, `timestamp`, `notification_type`) VALUES ('be83784d-7b69-3fe1-b331-e27fed16990f', '1979-01-11T06:40:29+0000', 'animal');
INSERT INTO `notification_information` (`garden_id`, `timestamp`, `notification_type`) VALUES ('c1943e53-eb0c-338e-9288-114acec9d511', '2000-04-21T15:41:00+0000', 'animal');
INSERT INTO `notification_information` (`garden_id`, `timestamp`, `notification_type`) VALUES ('c3ab7fde-67f6-3854-8539-96ee547beb43', '2018-08-27T22:28:58+0000', 'water_leak');
INSERT INTO `notification_information` (`garden_id`, `timestamp`, `notification_type`) VALUES ('c5341692-5f57-3087-816d-79196b449a2b', '2011-02-15T14:14:03+0000', 'animal');
INSERT INTO `notification_information` (`garden_id`, `timestamp`, `notification_type`) VALUES ('c68aa3ef-d1ce-3e29-a97f-9a541fa0a6a0', '1993-07-01T20:55:13+0000', 'animal');
INSERT INTO `notification_information` (`garden_id`, `timestamp`, `notification_type`) VALUES ('c87e5de9-48bd-377a-b9f0-2dd9a990f3d8', '2008-04-23T05:09:01+0000', 'animal');
INSERT INTO `notification_information` (`garden_id`, `timestamp`, `notification_type`) VALUES ('cbdccf53-63ae-3c12-b142-28c1dd9b4c81', '2012-02-17T04:27:04+0000', 'water_leak');
INSERT INTO `notification_information` (`garden_id`, `timestamp`, `notification_type`) VALUES ('cc2a19fb-6dce-3ea5-8c50-271392df2810', '1985-11-20T09:59:04+0000', 'water_leak');
INSERT INTO `notification_information` (`garden_id`, `timestamp`, `notification_type`) VALUES ('cda89eb5-e767-36c4-92cc-6e166c4e2b06', '1991-12-27T14:46:40+0000', 'water_leak');
INSERT INTO `notification_information` (`garden_id`, `timestamp`, `notification_type`) VALUES ('d1fd0a80-ca4e-38c0-bc12-9b3666dca8eb', '1971-12-16T11:13:58+0000', 'water_leak');
INSERT INTO `notification_information` (`garden_id`, `timestamp`, `notification_type`) VALUES ('d3496757-a46d-3651-ac19-8f993496e915', '2014-12-10T14:01:34+0000', 'animal');
INSERT INTO `notification_information` (`garden_id`, `timestamp`, `notification_type`) VALUES ('d43aa080-0249-3c45-913b-404c683b9baa', '2002-06-30T19:09:45+0000', 'water_leak');
INSERT INTO `notification_information` (`garden_id`, `timestamp`, `notification_type`) VALUES ('d5f00c06-9046-35bb-b559-acce0554c86c', '2003-05-26T01:21:54+0000', 'animal');
INSERT INTO `notification_information` (`garden_id`, `timestamp`, `notification_type`) VALUES ('d72ac07f-c2e4-3e4f-924f-1d8a95feaecc', '1993-06-13T03:10:56+0000', 'animal');
INSERT INTO `notification_information` (`garden_id`, `timestamp`, `notification_type`) VALUES ('dc3373fe-aa86-37e6-a2e7-526be969a659', '1978-03-16T12:15:43+0000', 'animal');
INSERT INTO `notification_information` (`garden_id`, `timestamp`, `notification_type`) VALUES ('dd6da7fd-3c37-309d-bd38-6ae90af34e15', '1983-07-24T12:35:15+0000', 'animal');
INSERT INTO `notification_information` (`garden_id`, `timestamp`, `notification_type`) VALUES ('e7f41b0d-1752-32c1-96b0-0424f5290c26', '1982-02-17T17:51:59+0000', 'animal');
INSERT INTO `notification_information` (`garden_id`, `timestamp`, `notification_type`) VALUES ('e967d135-94d6-3e55-ae7c-753f45430803', '1971-01-29T13:55:47+0000', 'water_leak');
INSERT INTO `notification_information` (`garden_id`, `timestamp`, `notification_type`) VALUES ('ea4380ea-de68-353f-8877-19382db2d484', '1981-09-30T15:39:32+0000', 'water_leak');
INSERT INTO `notification_information` (`garden_id`, `timestamp`, `notification_type`) VALUES ('f43e9576-4a3c-315a-afcd-90d8b16003b1', '1983-01-20T05:27:44+0000', 'water_leak');
INSERT INTO `notification_information` (`garden_id`, `timestamp`, `notification_type`) VALUES ('f5ecfed2-10e9-3257-a830-dc0d1514618a', '1992-01-28T10:35:48+0000', 'water_leak');
INSERT INTO `notification_information` (`garden_id`, `timestamp`, `notification_type`) VALUES ('f746c83a-58c6-359d-811e-b899a18321fb', '2018-04-16T08:08:31+0000', 'water_leak');
INSERT INTO `notification_information` (`garden_id`, `timestamp`, `notification_type`) VALUES ('f7c43c9b-84f9-3f32-a803-7c784a4f9b43', '1978-09-03T04:57:05+0000', 'water_leak');
INSERT INTO `notification_information` (`garden_id`, `timestamp`, `notification_type`) VALUES ('f9a67e59-3fb0-3f00-9507-b87ac557d70b', '1989-09-08T07:32:16+0000', 'water_leak');
INSERT INTO `notification_information` (`garden_id`, `timestamp`, `notification_type`) VALUES ('fd0031c9-c894-3b8e-8a84-2f04ccca3033', '1981-01-31T19:46:09+0000', 'water_leak');
INSERT INTO `notification_information` (`garden_id`, `timestamp`, `notification_type`) VALUES ('fd4a52a0-d435-3210-9da6-28ffb72eae91', '1973-01-30T04:17:11+0000', 'animal');


#
# TABLE STRUCTURE FOR: registration_request
#

DROP TABLE IF EXISTS `registration_request`;

CREATE TABLE `registration_request` (
  `registration_id` varchar(45) COLLATE utf8_unicode_ci NOT NULL,
  `username` varchar(45) COLLATE utf8_unicode_ci DEFAULT NULL,
  `garden_id` varchar(45) COLLATE utf8_unicode_ci DEFAULT NULL,
  PRIMARY KEY (`registration_id`),
  KEY `username_idx` (`username`),
  CONSTRAINT `username_registration_request` FOREIGN KEY (`username`) REFERENCES `user_information` (`username`)
) ENGINE=InnoDB DEFAULT CHARSET=utf8 COLLATE=utf8_unicode_ci;

INSERT INTO `registration_request` (`registration_id`, `username`, `garden_id`) VALUES ('07fb2491-8e43-3658-8f93-7432ded239af', 'narciso.osinski', 'e6bea12f-c586-32e5-a26d-47580a01b892');
INSERT INTO `registration_request` (`registration_id`, `username`, `garden_id`) VALUES ('0950ee97-5680-3274-ac72-ac6b06fe1e9a', 'jaclyn37', '6ce0689e-9a51-3bae-900a-26ce7fee56e8');
INSERT INTO `registration_request` (`registration_id`, `username`, `garden_id`) VALUES ('0ee6850d-715a-32f2-acd2-33dd2b08a3ee', 'egerhold', '55d7745f-81ce-318d-b49d-045dacfee7c8');
INSERT INTO `registration_request` (`registration_id`, `username`, `garden_id`) VALUES ('157e8de0-95ec-32b8-9b46-0d000bc77f3f', 'doris.oberbrunner', 'b5dce213-6672-392e-b9e2-abb7dc4117ae');
INSERT INTO `registration_request` (`registration_id`, `username`, `garden_id`) VALUES ('1635e412-1111-3586-8849-2a6d8b47df4a', 'gleichner.gordon', 'c01398b9-08e8-34b7-ba41-3f2f55ae30ba');
INSERT INTO `registration_request` (`registration_id`, `username`, `garden_id`) VALUES ('17f01082-b556-3e83-9ac0-b57c7a11b300', 'mosciski.haskell', 'ab3b0482-883f-30d5-b9bd-ada4e9dabeaa');
INSERT INTO `registration_request` (`registration_id`, `username`, `garden_id`) VALUES ('1af03760-0091-3e2c-ac9c-d83e7191c3ed', 'santa.bashirian', 'a636e5fb-5bef-35d6-9404-d7811efdabe3');
INSERT INTO `registration_request` (`registration_id`, `username`, `garden_id`) VALUES ('1b085822-9de0-3798-aede-e8d3791a5be7', 'ullrich.erick', 'f18ab33f-ae36-3258-b941-85e074798344');
INSERT INTO `registration_request` (`registration_id`, `username`, `garden_id`) VALUES ('1faa9b24-baf7-3c25-9686-8c1691c897c0', 'johnnie17', '09b90ac9-9ad5-3cbb-b5b8-3f3374c7a49c');
INSERT INTO `registration_request` (`registration_id`, `username`, `garden_id`) VALUES ('2408d697-6f4f-3622-b0f8-19e0ed29aec1', 'enrique13', '7e074779-9da6-3127-9c34-4d319c18f864');
INSERT INTO `registration_request` (`registration_id`, `username`, `garden_id`) VALUES ('26d08a1d-066c-3c6f-b370-c085851ffd5c', 'mkonopelski', 'c1c2b11a-c3dd-3521-952c-360925d06ab3');
INSERT INTO `registration_request` (`registration_id`, `username`, `garden_id`) VALUES ('2a15ed2b-8dc8-38a5-8532-882e9619d6ba', 'ao\'conner', '2dd64fba-d1d2-39f9-b339-dd71bc885617');
INSERT INTO `registration_request` (`registration_id`, `username`, `garden_id`) VALUES ('2cd9bfc5-abce-36dc-a309-fc6b354dbeec', 'robel.dee', 'a2d86819-c17e-3327-b117-95b1a04befcb');
INSERT INTO `registration_request` (`registration_id`, `username`, `garden_id`) VALUES ('2f19dc96-d2fa-3e14-938b-2d3c0dc7c4d9', 'annie.hyatt', '655f28a3-5483-3069-8ded-a2198d6ac50c');
INSERT INTO `registration_request` (`registration_id`, `username`, `garden_id`) VALUES ('36f1e971-8465-3fca-9a75-6fa0d20cf73d', 'kara.hayes', '719463ae-2723-35d2-b390-6715b49fc5cb');
INSERT INTO `registration_request` (`registration_id`, `username`, `garden_id`) VALUES ('3962f1a8-ff07-329d-ad56-f45baa8ec7e6', 'emoen', 'aeea2e1b-d4f2-37eb-8302-d2fdb4f5c53d');
INSERT INTO `registration_request` (`registration_id`, `username`, `garden_id`) VALUES ('39b12932-673b-32a6-aa7d-29bd0cc1c79c', 'elton.dare', '8c21603c-70d7-3594-a950-9770de64434c');
INSERT INTO `registration_request` (`registration_id`, `username`, `garden_id`) VALUES ('3af2888a-de2d-3d2e-9e19-1f3fade1c74c', 'lind.bettye', '7c129b4c-52f7-376e-b175-87552f14b554');
INSERT INTO `registration_request` (`registration_id`, `username`, `garden_id`) VALUES ('3ed633dc-7f91-3902-b7f6-47ad50518ada', 'alivia82', '9f9151be-f706-3489-b8ed-2f7545b0ae33');
INSERT INTO `registration_request` (`registration_id`, `username`, `garden_id`) VALUES ('40b00f58-f368-3f9d-89bd-f5b8d80994ae', 'marks.dortha', '20a9a1eb-ab81-38cc-ab8c-8c22b607805d');
INSERT INTO `registration_request` (`registration_id`, `username`, `garden_id`) VALUES ('432d9c70-e180-37e6-8e7c-c3f96136a473', 'farrell.lane', 'defd2db4-e0c9-3d5a-82ad-f7f8a8c13846');
INSERT INTO `registration_request` (`registration_id`, `username`, `garden_id`) VALUES ('43a5853c-8572-3085-9c27-0504e8487e1e', 'kendra07', 'd992cdfe-2f44-3c3f-8a41-e6a1c0db3e6f');
INSERT INTO `registration_request` (`registration_id`, `username`, `garden_id`) VALUES ('475c2605-af94-3e31-8262-4940282dfc8e', 'o\'kon.loyce', 'b7b24741-3db2-351c-be8f-28eef121310b');
INSERT INTO `registration_request` (`registration_id`, `username`, `garden_id`) VALUES ('4809e6b7-ddf7-3eeb-bbc4-30df74b937d1', 'jessie.upton', '66748131-d761-3d06-8519-6679756419cf');
INSERT INTO `registration_request` (`registration_id`, `username`, `garden_id`) VALUES ('4c6e9bc8-5d80-3b7b-9868-f50409ca8947', 'giles.flatley', '37f72b02-d859-30cc-931f-29f4a28ac878');
INSERT INTO `registration_request` (`registration_id`, `username`, `garden_id`) VALUES ('4f8a7c51-f621-3be3-a6b5-e18623fd9055', 'vromaguera', '41cda07e-ced8-30e0-83af-a28aa4174c95');
INSERT INTO `registration_request` (`registration_id`, `username`, `garden_id`) VALUES ('51b94723-fdac-37cd-80e6-451100fe9eb9', 'vo\'conner', '56efa9d9-9833-372c-bb90-1b1635a9cbc5');
INSERT INTO `registration_request` (`registration_id`, `username`, `garden_id`) VALUES ('51bcef2b-d714-3f57-8cc8-04a9cb9550c0', 'schoen.syble', '1b5aaab8-7cd2-3373-8ac9-9aee6f54afc6');
INSERT INTO `registration_request` (`registration_id`, `username`, `garden_id`) VALUES ('52aae2c9-58f0-38c6-bf30-3df4641fe6c2', 'harvey.bartell', 'd2125b66-b3af-3721-bd5d-b8bb400da8c5');
INSERT INTO `registration_request` (`registration_id`, `username`, `garden_id`) VALUES ('53503dc7-d531-3005-99c2-b3426f68195d', 'zemlak.mackenzie', '1449c859-fda8-37bb-89c8-6d3c7ee35e12');
INSERT INTO `registration_request` (`registration_id`, `username`, `garden_id`) VALUES ('537d5e6d-d534-3c63-af27-e60dc1acd689', 'hbatz', 'fe94d2f3-6cee-3cae-8102-04f3fbf94882');
INSERT INTO `registration_request` (`registration_id`, `username`, `garden_id`) VALUES ('5788001e-1104-343e-9cf7-67246a573954', 'arnaldo.block', 'ec054858-eb1d-3940-b221-09e0866ea3ad');
INSERT INTO `registration_request` (`registration_id`, `username`, `garden_id`) VALUES ('57e64090-f510-3471-ba29-6d4119fa0df2', 'ssenger', '69be5582-1c10-3864-9051-0eb53672d66f');
INSERT INTO `registration_request` (`registration_id`, `username`, `garden_id`) VALUES ('57f0c5e0-3c84-35fc-b891-a731e7e9266e', 'patience.von', '4dcd2e2e-64f0-3cb7-81d7-789eef9c1aa9');
INSERT INTO `registration_request` (`registration_id`, `username`, `garden_id`) VALUES ('5b79bfe6-7c90-3372-b4e5-09a3e16ee8cb', 'kylie79', '21231f5b-54fb-38bd-be3a-51fe186ed5cd');
INSERT INTO `registration_request` (`registration_id`, `username`, `garden_id`) VALUES ('5e018b3c-b345-31cf-8ca2-cc33ad42645a', 'elouise.wolff', 'a0ee6bfd-0e44-3262-8823-567775e08267');
INSERT INTO `registration_request` (`registration_id`, `username`, `garden_id`) VALUES ('6146d749-19fc-3bf8-acfb-bdbacb8d4109', 'gottlieb.morris', '2d1aa8ed-785c-3621-a4cb-d5d80830b593');
INSERT INTO `registration_request` (`registration_id`, `username`, `garden_id`) VALUES ('6297ead9-79d9-3a24-9318-a58d5febd6d0', 'gabriella96', 'e4a45de1-9d41-3b97-a08d-80219fc16878');
INSERT INTO `registration_request` (`registration_id`, `username`, `garden_id`) VALUES ('62ea8153-8c4a-3438-a745-4251d878f59b', 'jkohler', 'b7b92841-d1ad-313e-9a3c-bb8c8b1b9cb0');
INSERT INTO `registration_request` (`registration_id`, `username`, `garden_id`) VALUES ('67465791-abdc-3895-b564-afa19ddf3f69', 'ptremblay', 'e3f9501a-986b-3944-82db-9d8043fa7ac5');
INSERT INTO `registration_request` (`registration_id`, `username`, `garden_id`) VALUES ('6892ba47-6045-38ec-941b-60b7c8241fb8', 'dmohr', '8e744053-abf6-3e10-a119-33ebd72541e4');
INSERT INTO `registration_request` (`registration_id`, `username`, `garden_id`) VALUES ('69651206-cbf2-303b-82a4-fab2ad378399', 'halle.terry', '6bc1f985-04ba-3fa3-bfd9-b97dfa142236');
INSERT INTO `registration_request` (`registration_id`, `username`, `garden_id`) VALUES ('6b68d714-7374-349f-9008-0fa965481cd2', 'friesen.mercedes', 'c9ce5b2b-c8d7-3927-8518-981078dfc341');
INSERT INTO `registration_request` (`registration_id`, `username`, `garden_id`) VALUES ('6c9aa973-c78e-324d-8604-0f07eafdeb3a', 'evangeline.reilly', '90cb1961-09dc-351e-9ecb-df0cbed29e74');
INSERT INTO `registration_request` (`registration_id`, `username`, `garden_id`) VALUES ('6db6baa6-d421-30af-b476-d1267dda035a', 'vschinner', '32d9f720-a3bf-398a-97a7-12aef9411941');
INSERT INTO `registration_request` (`registration_id`, `username`, `garden_id`) VALUES ('6e014b7e-521d-3de7-b5b3-89a7e32f2374', 'mmills', 'd4e01802-4774-31aa-8b05-b2ac701b6c1a');
INSERT INTO `registration_request` (`registration_id`, `username`, `garden_id`) VALUES ('7136fc03-f9fb-3192-ade1-fdca37e90736', 'hickle.julius', 'e9497bec-d49b-32c6-8d3b-cfa0c44e7cba');
INSERT INTO `registration_request` (`registration_id`, `username`, `garden_id`) VALUES ('729552fb-d142-3b3e-a745-4d7b6015e10c', 'garrick.medhurst', '79678a88-34c1-3d0f-9bc9-a0e07c6407cc');
INSERT INTO `registration_request` (`registration_id`, `username`, `garden_id`) VALUES ('72c3a7c4-6808-37de-bd09-96030818ee4f', 'hstrosin', '244df167-1058-3b68-9668-72aa03550031');
INSERT INTO `registration_request` (`registration_id`, `username`, `garden_id`) VALUES ('73201a13-8d73-3bba-8983-531d4605f38e', 'lexi41', '156ec5f7-7136-366b-9625-bb0456f95c07');
INSERT INTO `registration_request` (`registration_id`, `username`, `garden_id`) VALUES ('780f3dec-72a9-3cf7-bcdb-f59b0e58625d', 'mollie.bergstrom', 'fcc79e89-097a-3bcc-ae80-b19c7d56477b');
INSERT INTO `registration_request` (`registration_id`, `username`, `garden_id`) VALUES ('7820974c-2fe3-3a98-b390-5ad910ec1c5b', 'renner.annie', '2801ba96-05a8-36dc-9ee1-f3addfd7e0b8');
INSERT INTO `registration_request` (`registration_id`, `username`, `garden_id`) VALUES ('7ae65503-3f6e-3a4a-8486-080213bdd509', 'august.douglas', '3d78c12a-e28d-34f8-8094-689016ba890b');
INSERT INTO `registration_request` (`registration_id`, `username`, `garden_id`) VALUES ('7b493dac-3039-34a0-ac4b-e77bb04bd947', 'ldach', 'fff2be51-9d2d-329e-9b2e-05a4ef225051');
INSERT INTO `registration_request` (`registration_id`, `username`, `garden_id`) VALUES ('7f6d147e-8a7d-3707-9f81-a309a7e3289f', 'brady.jerde', '035cc043-072e-399d-bdd1-ad2cdd57887d');
INSERT INTO `registration_request` (`registration_id`, `username`, `garden_id`) VALUES ('84135639-681e-3aa0-9f35-9e22a0f47f09', 'ntowne', 'f746a38c-cffd-31e7-91ad-5f82418d2a22');
INSERT INTO `registration_request` (`registration_id`, `username`, `garden_id`) VALUES ('8862b0c8-a2f3-3a39-a2c2-fb72514679d6', 'kstokes', '6615297f-210e-3934-9781-e95a1b39627e');
INSERT INTO `registration_request` (`registration_id`, `username`, `garden_id`) VALUES ('887addb2-c141-33a0-a4de-5ba1ea010e1d', 'connelly.aliyah', 'acff3218-0df5-342a-8fd0-bbad6966a3df');
INSERT INTO `registration_request` (`registration_id`, `username`, `garden_id`) VALUES ('8e0a2ac6-a575-3646-8a1f-0b29de8cd83e', 'ibrahim61', 'd913ba3d-d9ef-336e-86d1-ca1c60c97ce5');
INSERT INTO `registration_request` (`registration_id`, `username`, `garden_id`) VALUES ('9034c913-10ed-3fcd-ac1a-f9603424d238', 'eli.beatty', 'f461e298-f4ca-3ade-b45e-08425fa89317');
INSERT INTO `registration_request` (`registration_id`, `username`, `garden_id`) VALUES ('95e2e6b1-599a-3bf0-aa32-b313fd578fa8', 'jakob.purdy', 'ed407067-721d-3443-ad1d-20cff39ffb7a');
INSERT INTO `registration_request` (`registration_id`, `username`, `garden_id`) VALUES ('9699966a-ce95-3557-a1f7-f038e7c92971', 'rebert', '1e7c97db-2975-356b-8a38-0aa08228b720');
INSERT INTO `registration_request` (`registration_id`, `username`, `garden_id`) VALUES ('99021d90-8a49-3db7-b224-2b26a3ad5cea', 'mccullough.soledad', '7d1a0a17-2d9c-38ee-945d-3fc9d943c9d5');
INSERT INTO `registration_request` (`registration_id`, `username`, `garden_id`) VALUES ('9aed6b6d-a79b-3186-87d5-515f9b7fc895', 'rice.darrick', '086784c5-2e02-34f8-8e66-7c2a57864232');
INSERT INTO `registration_request` (`registration_id`, `username`, `garden_id`) VALUES ('9f57654c-a5c1-3637-b95d-64c10651875c', 'iconnelly', '02402747-01ae-3474-aeb3-9f922cfdcab7');
INSERT INTO `registration_request` (`registration_id`, `username`, `garden_id`) VALUES ('a2ac9a11-df51-3c25-acc9-62c529d363f8', 'jayne97', '87f9b84c-722f-328f-b7df-9d065e910210');
INSERT INTO `registration_request` (`registration_id`, `username`, `garden_id`) VALUES ('a4a9c420-d067-3988-a3df-6513983c1b5c', 'zwolf', 'e150d71e-199c-34ce-bdc8-2699c2128731');
INSERT INTO `registration_request` (`registration_id`, `username`, `garden_id`) VALUES ('b412f43c-adec-346a-bf81-e286c3431cb7', 'nicholaus66', '31d80276-c233-32b2-9537-b4b80491418e');
INSERT INTO `registration_request` (`registration_id`, `username`, `garden_id`) VALUES ('b4f0a588-910b-3b88-8eac-69b9403f31be', 'bradley.roberts', '031334ba-ee76-3e4c-a356-42125bc2220d');
INSERT INTO `registration_request` (`registration_id`, `username`, `garden_id`) VALUES ('b7887cd8-c1a8-3ae1-a939-2a19a564b1de', 'vcorwin', 'c8b6804b-0e31-3a88-8e83-7264f6559707');
INSERT INTO `registration_request` (`registration_id`, `username`, `garden_id`) VALUES ('b8a37f5a-a182-31ec-8d3b-fced51450b1a', 'ebradtke', '38ded1d7-4d98-35a3-b443-c7219b39cd2a');
INSERT INTO `registration_request` (`registration_id`, `username`, `garden_id`) VALUES ('b982873b-91f1-3f60-8636-4a50f160290c', 'jakob79', 'b5ee7c67-a31a-3ed1-88d8-00ced672076f');
INSERT INTO `registration_request` (`registration_id`, `username`, `garden_id`) VALUES ('bb64856c-7913-3dea-b887-79973dfe93c3', 'alexandre.reilly', 'c0bcbdff-12e3-3e15-bf62-06f47adb6285');
INSERT INTO `registration_request` (`registration_id`, `username`, `garden_id`) VALUES ('bba5c975-1028-3b61-8652-45d11c361147', 'davis.scotty', 'c1c68d96-1cb3-3f6d-addb-23c4f95b297f');
INSERT INTO `registration_request` (`registration_id`, `username`, `garden_id`) VALUES ('bc9eb14c-fade-3e13-b94f-fea560bb3b83', 'jack76', '7296f115-63dd-323e-b8d1-5636b5246580');
INSERT INTO `registration_request` (`registration_id`, `username`, `garden_id`) VALUES ('bd5e6e7e-53e5-3163-8f51-9125da7a442d', 'hvandervort', '97fd3457-a1a4-3e60-83d4-6827042f9714');
INSERT INTO `registration_request` (`registration_id`, `username`, `garden_id`) VALUES ('be1e1f20-008b-353d-873a-89880b293fa5', 'bartell.buster', 'b49f89bf-f7ff-3508-9cb1-c478a2a0975c');
INSERT INTO `registration_request` (`registration_id`, `username`, `garden_id`) VALUES ('c3d6b227-e2a8-341e-9b74-193e874e34b5', 'eleanora09', 'f949381b-0a65-3d12-8bc0-bb31928f9f2f');
INSERT INTO `registration_request` (`registration_id`, `username`, `garden_id`) VALUES ('c5369490-8451-30c8-bda1-7c9d2e73470d', 'umorissette', 'ad63dbd4-4094-337c-a8c0-3db7bac9666e');
INSERT INTO `registration_request` (`registration_id`, `username`, `garden_id`) VALUES ('caba732f-bf34-3e6c-8cf9-bdec9139a995', 'darrick86', '5203cf3d-4cb8-33d7-aaab-c02d3a896797');
INSERT INTO `registration_request` (`registration_id`, `username`, `garden_id`) VALUES ('ccb2efe5-d2fb-3931-9fe0-90887fbbbe18', 'ulices04', '3228119e-f3a7-3e38-a37e-9ab5ab95babf');
INSERT INTO `registration_request` (`registration_id`, `username`, `garden_id`) VALUES ('cf15df4a-2ade-39ca-a51b-451df2ad601e', 'kane13', '60025ed0-c130-3fe5-850b-8df060dfe53a');
INSERT INTO `registration_request` (`registration_id`, `username`, `garden_id`) VALUES ('d02f880b-7703-30c9-8126-2436629633bb', 'harris.mikel', '68e0daa8-a970-3833-99e0-8cc7961afa5f');
INSERT INTO `registration_request` (`registration_id`, `username`, `garden_id`) VALUES ('d09143f8-45d8-398c-b69e-704822f2bece', 'tianna67', '9e87b31c-af5d-38ed-9c50-7e703e2c7fa3');
INSERT INTO `registration_request` (`registration_id`, `username`, `garden_id`) VALUES ('d16da530-a270-3749-93af-54b756f7f10c', 'block.mose', '5a56cf0f-05e6-38ee-b14a-98cf1e195f42');
INSERT INTO `registration_request` (`registration_id`, `username`, `garden_id`) VALUES ('d41cbf89-5230-34df-8705-51f70b7ae976', 'sallie.king', '8ba939cf-5df7-3201-8144-d1021cabe4c1');
INSERT INTO `registration_request` (`registration_id`, `username`, `garden_id`) VALUES ('d74bbac5-9c0d-3575-a818-d58a2ae973c7', 'daugherty.virginia', '694f23c0-e1d9-3e6e-9b89-e1d6437d4ed5');
INSERT INTO `registration_request` (`registration_id`, `username`, `garden_id`) VALUES ('d7a9491c-0911-3e27-950e-59a69cd4fbf9', 'dayton89', '0baa5b5c-4dcd-3883-b667-71a1c8866a74');
INSERT INTO `registration_request` (`registration_id`, `username`, `garden_id`) VALUES ('e70b739b-1d00-399d-8874-71ea2a578f4b', 'noble.bernier', 'e0409522-a1b9-30ad-b131-b2ba3e54628e');
INSERT INTO `registration_request` (`registration_id`, `username`, `garden_id`) VALUES ('eb065495-5f12-374a-bfe8-df417c3a46c5', 'yhowell', 'f2e3bf0f-7d9a-3a7d-b901-d267193270b8');
INSERT INTO `registration_request` (`registration_id`, `username`, `garden_id`) VALUES ('eb24374b-e847-3bf0-afc5-569cd2e240d7', 'akertzmann', '7642cdfa-baa6-3117-ad4d-cdd58e95e277');
INSERT INTO `registration_request` (`registration_id`, `username`, `garden_id`) VALUES ('ebe43110-7e68-3bf5-a944-adffe1dede4c', 'jeffery20', 'e4c5cb8f-396c-308f-9ab1-f90a1537a58e');
INSERT INTO `registration_request` (`registration_id`, `username`, `garden_id`) VALUES ('f03a7a25-0454-3914-8bf4-0cf93f9f1746', 'gokuneva', '0e88d27b-84da-3d1e-a735-a119cc796007');
INSERT INTO `registration_request` (`registration_id`, `username`, `garden_id`) VALUES ('f2e88282-a891-3cff-ad72-dae077ff2c02', 'zoila.lind', 'f28fbd5b-cf34-3296-8d40-3aa0cc541e74');
INSERT INTO `registration_request` (`registration_id`, `username`, `garden_id`) VALUES ('f70a0c24-f2e5-3d08-8f34-7558e5513cb7', 'lawrence.waters', '3d4b46da-5226-3eec-84ba-216c624619fd');
INSERT INTO `registration_request` (`registration_id`, `username`, `garden_id`) VALUES ('fa0de8d2-e7e4-327c-a642-cebe80701e23', 'alena56', 'b8215d7f-1f4b-3b9b-add4-50def6a61c69');
INSERT INTO `registration_request` (`registration_id`, `username`, `garden_id`) VALUES ('fbef5ad6-2a15-3662-9b77-31d60b97d3c4', 'pauline45', 'acdcdc67-7e2a-38b5-894e-ecdf487db994');
INSERT INTO `registration_request` (`registration_id`, `username`, `garden_id`) VALUES ('fc79d502-003d-3344-b655-85d694a444a6', 'tromp.dane', '4ec368e7-c0a9-33d0-8dce-66119f15771b');
INSERT INTO `registration_request` (`registration_id`, `username`, `garden_id`) VALUES ('ff7adcef-bbfc-33c3-ae26-e0630e1c76b9', 'tfeest', 'f334119e-0228-3aa7-9c51-e72b5ed1b58b');
INSERT INTO `registration_request` (`registration_id`, `username`, `garden_id`) VALUES ('fffa5cbd-cb67-3306-a91a-47d11f669a42', 'else.simonis', 'bdb69366-0405-33c2-b806-51b9b49d436b');


#
# TABLE STRUCTURE FOR: sensor_data
#

DROP TABLE IF EXISTS `sensor_data`;

CREATE TABLE `sensor_data` (
  `garden_id` varchar(45) COLLATE utf8_unicode_ci NOT NULL,
  `timestamp` timestamp NOT NULL DEFAULT current_timestamp() ON UPDATE current_timestamp(),
  `water_flow` int(11) DEFAULT NULL,
  `humidity` int(11) DEFAULT NULL,
  `soil_moisture` int(11) DEFAULT NULL,
  `temperature` int(11) DEFAULT NULL,
  `water_active` bit(1) DEFAULT NULL,
  PRIMARY KEY (`garden_id`,`timestamp`),
  CONSTRAINT `garden_id` FOREIGN KEY (`garden_id`) REFERENCES `connection_information` (`garden_id`) ON DELETE CASCADE ON UPDATE CASCADE
) ENGINE=InnoDB DEFAULT CHARSET=utf8 COLLATE=utf8_unicode_ci;